diagnostic_id,cause_code,unit_key,snapshot_date_key,severity_rank,attribution_score,evidence_artifact_id
DIAG-20260630-200001,SEVERE_PHYSICAL_DEFECT,200001,20260630,1,1.000,
DIAG-20260630-200017,OVERPRICED_VS_PEER,200017,20260630,1,0.650,
DIAG-20260630-200017,SECONDARY_ARBITRAGE,200017,20260630,2,0.350,
DIAG-20260630-200023,LOW_SALES_INCENTIVE,200023,20260630,1,1.000,
DIAG-20260630-200030,OVERPRICED_VS_PEER,200030,20260630,1,0.650,
DIAG-20260630-200030,SECONDARY_ARBITRAGE,200030,20260630,2,0.350,
DIAG-20260630-200034,LUMP_SUM_TICKET_BARRIER,200034,20260630,1,0.650,
DIAG-20260630-200034,LOW_SALES_INCENTIVE,200034,20260630,2,0.350,
DIAG-20260630-200042,LOW_SALES_INCENTIVE,200042,20260630,1,1.000,
DIAG-20260630-200046,SECONDARY_ARBITRAGE,200046,20260630,1,0.600,
DIAG-20260630-200046,LOW_SALES_INCENTIVE,200046,20260630,2,0.250,
DIAG-20260630-200046,OVERPRICED_VS_PEER,200046,20260630,3,0.150,
DIAG-20260630-200057,DEEP_FUNNEL_DROP_OFF,200057,20260630,1,1.000,
DIAG-20260630-200061,SEVERE_PHYSICAL_DEFECT,200061,20260630,1,1.000,
DIAG-20260630-200066,LOW_SALES_INCENTIVE,200066,20260630,1,1.000,
DIAG-20260630-200067,LOW_SALES_INCENTIVE,200067,20260630,1,1.000,
DIAG-20260630-200074,DEEP_FUNNEL_DROP_OFF,200074,20260630,1,1.000,
DIAG-20260630-200082,OVERPRICED_VS_PEER,200082,20260630,1,0.600,
DIAG-20260630-200082,LOW_SALES_INCENTIVE,200082,20260630,2,0.250,
DIAG-20260630-200082,SECONDARY_ARBITRAGE,200082,20260630,3,0.150,
DIAG-20260630-200085,LOW_SALES_INCENTIVE,200085,20260630,1,1.000,
DIAG-20260630-200086,DEEP_FUNNEL_DROP_OFF,200086,20260630,1,1.000,
DIAG-20260630-200107,LUMP_SUM_TICKET_BARRIER,200107,20260630,1,1.000,
DIAG-20260630-200118,LOW_SALES_INCENTIVE,200118,20260630,1,1.000,
DIAG-20260630-200120,SEVERE_PHYSICAL_DEFECT,200120,20260630,1,1.000,
DIAG-20260630-200137,EXTREME_THERMAL_EXPOSURE,200137,20260630,1,1.000,
DIAG-20260630-200141,SEVERE_PHYSICAL_DEFECT,200141,20260630,1,1.000,
DIAG-20260630-200162,SEVERE_PHYSICAL_DEFECT,200162,20260630,1,1.000,
DIAG-20260630-200185,DEEP_FUNNEL_DROP_OFF,200185,20260630,1,1.000,
DIAG-20260630-200187,LUMP_SUM_TICKET_BARRIER,200187,20260630,1,1.000,
DIAG-20260630-200201,EXTREME_THERMAL_EXPOSURE,200201,20260630,1,1.000,
DIAG-20260630-200204,SECONDARY_ARBITRAGE,200204,20260630,1,0.650,
DIAG-20260630-200204,OVERPRICED_VS_PEER,200204,20260630,2,0.350,
DIAG-20260630-200236,SEVERE_PHYSICAL_DEFECT,200236,20260630,1,1.000,
DIAG-20260630-200246,LOW_SALES_INCENTIVE,200246,20260630,1,1.000,
DIAG-20260630-200254,SECONDARY_ARBITRAGE,200254,20260630,1,0.650,
DIAG-20260630-200254,OVERPRICED_VS_PEER,200254,20260630,2,0.350,
DIAG-20260630-200259,SEVERE_PHYSICAL_DEFECT,200259,20260630,1,1.000,
DIAG-20260630-200276,LUMP_SUM_TICKET_BARRIER,200276,20260630,1,1.000,
DIAG-20260630-200278,LOW_SALES_INCENTIVE,200278,20260630,1,1.000,
DIAG-20260630-200279,SECONDARY_ARBITRAGE,200279,20260630,1,0.650,
DIAG-20260630-200279,OVERPRICED_VS_PEER,200279,20260630,2,0.350,
DIAG-20260630-200280,EXTREME_THERMAL_EXPOSURE,200280,20260630,1,0.650,
DIAG-20260630-200280,LOW_SALES_INCENTIVE,200280,20260630,2,0.350,
DIAG-20260630-200283,LUMP_SUM_TICKET_BARRIER,200283,20260630,1,1.000,
DIAG-20260630-200288,SECONDARY_ARBITRAGE,200288,20260630,1,0.650,
DIAG-20260630-200288,OVERPRICED_VS_PEER,200288,20260630,2,0.350,
DIAG-20260630-200289,LUMP_SUM_TICKET_BARRIER,200289,20260630,1,1.000,
DIAG-20260630-200292,OVERPRICED_VS_PEER,200292,20260630,1,0.600,
DIAG-20260630-200292,LOW_SALES_INCENTIVE,200292,20260630,2,0.250,
DIAG-20260630-200292,SECONDARY_ARBITRAGE,200292,20260630,3,0.150,
DIAG-20260630-200298,LUMP_SUM_TICKET_BARRIER,200298,20260630,1,0.650,
DIAG-20260630-200298,LOW_SALES_INCENTIVE,200298,20260630,2,0.350,
DIAG-20260630-200300,DEEP_FUNNEL_DROP_OFF,200300,20260630,1,1.000,
DIAG-20260630-200303,EXTREME_THERMAL_EXPOSURE,200303,20260630,1,1.000,
DIAG-20260630-200315,LUMP_SUM_TICKET_BARRIER,200315,20260630,1,1.000,
DIAG-20260630-200319,OVERPRICED_VS_PEER,200319,20260630,1,0.650,
DIAG-20260630-200319,SECONDARY_ARBITRAGE,200319,20260630,2,0.350,
DIAG-20260630-200322,SEVERE_PHYSICAL_DEFECT,200322,20260630,1,0.650,
DIAG-20260630-200322,LOW_SALES_INCENTIVE,200322,20260630,2,0.350,
DIAG-20260630-200325,DEEP_FUNNEL_DROP_OFF,200325,20260630,1,1.000,
DIAG-20260630-200333,SEVERE_PHYSICAL_DEFECT,200333,20260630,1,1.000,
DIAG-20260630-200347,SEVERE_PHYSICAL_DEFECT,200347,20260630,1,1.000,
DIAG-20260630-200364,SECONDARY_ARBITRAGE,200364,20260630,1,0.600,
DIAG-20260630-200364,LOW_SALES_INCENTIVE,200364,20260630,2,0.250,
DIAG-20260630-200364,OVERPRICED_VS_PEER,200364,20260630,3,0.150,
DIAG-20260630-200365,SECONDARY_ARBITRAGE,200365,20260630,1,0.650,
DIAG-20260630-200365,OVERPRICED_VS_PEER,200365,20260630,2,0.350,
DIAG-20260630-200368,SEVERE_PHYSICAL_DEFECT,200368,20260630,1,1.000,
DIAG-20260630-200387,SEVERE_PHYSICAL_DEFECT,200387,20260630,1,1.000,
DIAG-20260630-200411,LOW_SALES_INCENTIVE,200411,20260630,1,1.000,
DIAG-20260630-200429,SECONDARY_ARBITRAGE,200429,20260630,1,0.650,
DIAG-20260630-200429,OVERPRICED_VS_PEER,200429,20260630,2,0.350,
DIAG-20260630-200440,LUMP_SUM_TICKET_BARRIER,200440,20260630,1,1.000,
DIAG-20260630-200462,OVERPRICED_VS_PEER,200462,20260630,1,0.650,
DIAG-20260630-200462,SECONDARY_ARBITRAGE,200462,20260630,2,0.350,
DIAG-20260630-200468,SECONDARY_ARBITRAGE,200468,20260630,1,0.650,
DIAG-20260630-200468,OVERPRICED_VS_PEER,200468,20260630,2,0.350,
DIAG-20260630-200492,LOW_SALES_INCENTIVE,200492,20260630,1,1.000,
DIAG-20260630-200497,EXTREME_THERMAL_EXPOSURE,200497,20260630,1,1.000,
DIAG-20260630-200502,DEEP_FUNNEL_DROP_OFF,200502,20260630,1,0.650,
DIAG-20260630-200502,LOW_SALES_INCENTIVE,200502,20260630,2,0.350,
DIAG-20260630-200503,LUMP_SUM_TICKET_BARRIER,200503,20260630,1,1.000,
DIAG-20260630-200508,LOW_SALES_INCENTIVE,200508,20260630,1,1.000,
DIAG-20260630-200543,OVERPRICED_VS_PEER,200543,20260630,1,0.650,
DIAG-20260630-200543,SECONDARY_ARBITRAGE,200543,20260630,2,0.350,
DIAG-20260630-200545,OVERPRICED_VS_PEER,200545,20260630,1,0.650,
DIAG-20260630-200545,SECONDARY_ARBITRAGE,200545,20260630,2,0.350,
DIAG-20260630-200547,EXTREME_THERMAL_EXPOSURE,200547,20260630,1,1.000,
DIAG-20260630-200577,LUMP_SUM_TICKET_BARRIER,200577,20260630,1,1.000,
DIAG-20260630-200582,OVERPRICED_VS_PEER,200582,20260630,1,0.650,
DIAG-20260630-200582,SECONDARY_ARBITRAGE,200582,20260630,2,0.350,
DIAG-20260630-200586,OVERPRICED_VS_PEER,200586,20260630,1,0.600,
DIAG-20260630-200586,LOW_SALES_INCENTIVE,200586,20260630,2,0.250,
DIAG-20260630-200586,SECONDARY_ARBITRAGE,200586,20260630,3,0.150,
DIAG-20260630-200602,OVERPRICED_VS_PEER,200602,20260630,1,0.650,
DIAG-20260630-200602,SECONDARY_ARBITRAGE,200602,20260630,2,0.350,
DIAG-20260630-200616,EXTREME_THERMAL_EXPOSURE,200616,20260630,1,0.650,
DIAG-20260630-200616,LOW_SALES_INCENTIVE,200616,20260630,2,0.350,
DIAG-20260630-200630,SECONDARY_ARBITRAGE,200630,20260630,1,0.650,
DIAG-20260630-200630,OVERPRICED_VS_PEER,200630,20260630,2,0.350,
DIAG-20260630-200643,LUMP_SUM_TICKET_BARRIER,200643,20260630,1,1.000,
DIAG-20260630-200647,LOW_SALES_INCENTIVE,200647,20260630,1,1.000,
DIAG-20260630-200660,SEVERE_PHYSICAL_DEFECT,200660,20260630,1,1.000,
DIAG-20260630-200662,SEVERE_PHYSICAL_DEFECT,200662,20260630,1,1.000,
DIAG-20260630-200669,SECONDARY_ARBITRAGE,200669,20260630,1,0.650,
DIAG-20260630-200669,OVERPRICED_VS_PEER,200669,20260630,2,0.350,
DIAG-20260630-200675,OVERPRICED_VS_PEER,200675,20260630,1,0.650,
DIAG-20260630-200675,SECONDARY_ARBITRAGE,200675,20260630,2,0.350,
DIAG-20260630-200687,EXTREME_THERMAL_EXPOSURE,200687,20260630,1,1.000,
DIAG-20260630-200691,LUMP_SUM_TICKET_BARRIER,200691,20260630,1,1.000,
DIAG-20260630-200694,OVERPRICED_VS_PEER,200694,20260630,1,0.600,
DIAG-20260630-200694,LOW_SALES_INCENTIVE,200694,20260630,2,0.250,
DIAG-20260630-200694,SECONDARY_ARBITRAGE,200694,20260630,3,0.150,
DIAG-20260630-200700,OVERPRICED_VS_PEER,200700,20260630,1,0.600,
DIAG-20260630-200700,LOW_SALES_INCENTIVE,200700,20260630,2,0.250,
DIAG-20260630-200700,SECONDARY_ARBITRAGE,200700,20260630,3,0.150,
DIAG-20260630-200707,OVERPRICED_VS_PEER,200707,20260630,1,0.650,
DIAG-20260630-200707,SECONDARY_ARBITRAGE,200707,20260630,2,0.350,
DIAG-20260630-200712,OVERPRICED_VS_PEER,200712,20260630,1,0.600,
DIAG-20260630-200712,LOW_SALES_INCENTIVE,200712,20260630,2,0.250,
DIAG-20260630-200712,SECONDARY_ARBITRAGE,200712,20260630,3,0.150,
DIAG-20260630-200730,LUMP_SUM_TICKET_BARRIER,200730,20260630,1,0.650,
DIAG-20260630-200730,LOW_SALES_INCENTIVE,200730,20260630,2,0.350,
DIAG-20260630-200733,EXTREME_THERMAL_EXPOSURE,200733,20260630,1,1.000,
DIAG-20260630-200737,SEVERE_PHYSICAL_DEFECT,200737,20260630,1,1.000,
DIAG-20260630-200747,EXTREME_THERMAL_EXPOSURE,200747,20260630,1,1.000,
DIAG-20260630-200765,OVERPRICED_VS_PEER,200765,20260630,1,0.650,
DIAG-20260630-200765,SECONDARY_ARBITRAGE,200765,20260630,2,0.350,
DIAG-20260630-200775,DEEP_FUNNEL_DROP_OFF,200775,20260630,1,1.000,
DIAG-20260630-200776,SECONDARY_ARBITRAGE,200776,20260630,1,0.650,
DIAG-20260630-200776,OVERPRICED_VS_PEER,200776,20260630,2,0.350,
DIAG-20260630-200792,SECONDARY_ARBITRAGE,200792,20260630,1,0.650,
DIAG-20260630-200792,OVERPRICED_VS_PEER,200792,20260630,2,0.350,
DIAG-20260630-200793,EXTREME_THERMAL_EXPOSURE,200793,20260630,1,1.000,
DIAG-20260630-200800,OVERPRICED_VS_PEER,200800,20260630,1,0.650,
DIAG-20260630-200800,SECONDARY_ARBITRAGE,200800,20260630,2,0.350,
DIAG-20260630-200802,DEEP_FUNNEL_DROP_OFF,200802,20260630,1,0.650,
DIAG-20260630-200802,LOW_SALES_INCENTIVE,200802,20260630,2,0.350,
DIAG-20260630-200838,LOW_SALES_INCENTIVE,200838,20260630,1,1.000,
DIAG-20260630-200852,SECONDARY_ARBITRAGE,200852,20260630,1,0.650,
DIAG-20260630-200852,OVERPRICED_VS_PEER,200852,20260630,2,0.350,
DIAG-20260630-200878,SEVERE_PHYSICAL_DEFECT,200878,20260630,1,1.000,
DIAG-20260630-200897,LUMP_SUM_TICKET_BARRIER,200897,20260630,1,1.000,
DIAG-20260630-200909,EXTREME_THERMAL_EXPOSURE,200909,20260630,1,1.000,
DIAG-20260630-200929,DEEP_FUNNEL_DROP_OFF,200929,20260630,1,1.000,
DIAG-20260630-200931,SEVERE_PHYSICAL_DEFECT,200931,20260630,1,1.000,
DIAG-20260630-200934,DEEP_FUNNEL_DROP_OFF,200934,20260630,1,0.650,
DIAG-20260630-200934,LOW_SALES_INCENTIVE,200934,20260630,2,0.350,
DIAG-20260630-200946,LOW_SALES_INCENTIVE,200946,20260630,1,1.000,
DIAG-20260630-200969,LUMP_SUM_TICKET_BARRIER,200969,20260630,1,1.000,
DIAG-20260630-200971,DEEP_FUNNEL_DROP_OFF,200971,20260630,1,1.000,
DIAG-20260630-200998,LUMP_SUM_TICKET_BARRIER,200998,20260630,1,1.000,
DIAG-20260630-201018,DEEP_FUNNEL_DROP_OFF,201018,20260630,1,0.650,
DIAG-20260630-201018,LOW_SALES_INCENTIVE,201018,20260630,2,0.350,
DIAG-20260630-201025,OVERPRICED_VS_PEER,201025,20260630,1,0.650,
DIAG-20260630-201025,SECONDARY_ARBITRAGE,201025,20260630,2,0.350,
DIAG-20260630-201034,EXTREME_THERMAL_EXPOSURE,201034,20260630,1,1.000,
DIAG-20260630-201036,DEEP_FUNNEL_DROP_OFF,201036,20260630,1,0.650,
DIAG-20260630-201036,LOW_SALES_INCENTIVE,201036,20260630,2,0.350,
DIAG-20260630-201047,SEVERE_PHYSICAL_DEFECT,201047,20260630,1,1.000,
DIAG-20260630-201050,OVERPRICED_VS_PEER,201050,20260630,1,0.650,
DIAG-20260630-201050,SECONDARY_ARBITRAGE,201050,20260630,2,0.350,
DIAG-20260630-201057,EXTREME_THERMAL_EXPOSURE,201057,20260630,1,1.000,
DIAG-20260630-201066,SEVERE_PHYSICAL_DEFECT,201066,20260630,1,0.650,
DIAG-20260630-201066,LOW_SALES_INCENTIVE,201066,20260630,2,0.350,
DIAG-20260630-201073,LOW_SALES_INCENTIVE,201073,20260630,1,1.000,
DIAG-20260630-201075,OVERPRICED_VS_PEER,201075,20260630,1,0.650,
DIAG-20260630-201075,SECONDARY_ARBITRAGE,201075,20260630,2,0.350,
DIAG-20260630-201080,LUMP_SUM_TICKET_BARRIER,201080,20260630,1,1.000,
DIAG-20260630-201084,LOW_SALES_INCENTIVE,201084,20260630,1,1.000,
DIAG-20260630-201106,DEEP_FUNNEL_DROP_OFF,201106,20260630,1,1.000,
DIAG-20260630-201129,EXTREME_THERMAL_EXPOSURE,201129,20260630,1,1.000,
DIAG-20260630-201133,LOW_SALES_INCENTIVE,201133,20260630,1,1.000,
DIAG-20260630-201134,DEEP_FUNNEL_DROP_OFF,201134,20260630,1,1.000,
DIAG-20260630-201146,LUMP_SUM_TICKET_BARRIER,201146,20260630,1,1.000,
DIAG-20260630-201149,OVERPRICED_VS_PEER,201149,20260630,1,0.650,
DIAG-20260630-201149,SECONDARY_ARBITRAGE,201149,20260630,2,0.350,
DIAG-20260630-201155,LUMP_SUM_TICKET_BARRIER,201155,20260630,1,1.000,
DIAG-20260630-201165,DEEP_FUNNEL_DROP_OFF,201165,20260630,1,1.000,
DIAG-20260630-201166,OVERPRICED_VS_PEER,201166,20260630,1,0.650,
DIAG-20260630-201166,SECONDARY_ARBITRAGE,201166,20260630,2,0.350,
DIAG-20260630-201180,LOW_SALES_INCENTIVE,201180,20260630,1,1.000,
DIAG-20260630-201195,EXTREME_THERMAL_EXPOSURE,201195,20260630,1,1.000,
DIAG-20260630-201207,SECONDARY_ARBITRAGE,201207,20260630,1,0.650,
DIAG-20260630-201207,OVERPRICED_VS_PEER,201207,20260630,2,0.350,
DIAG-20260630-201216,EXTREME_THERMAL_EXPOSURE,201216,20260630,1,0.650,
DIAG-20260630-201216,LOW_SALES_INCENTIVE,201216,20260630,2,0.350,
DIAG-20260630-201224,LUMP_SUM_TICKET_BARRIER,201224,20260630,1,1.000,
DIAG-20260630-201227,LUMP_SUM_TICKET_BARRIER,201227,20260630,1,1.000,
DIAG-20260630-201242,EXTREME_THERMAL_EXPOSURE,201242,20260630,1,1.000,
DIAG-20260630-201244,SECONDARY_ARBITRAGE,201244,20260630,1,0.650,
DIAG-20260630-201244,OVERPRICED_VS_PEER,201244,20260630,2,0.350,
DIAG-20260630-201264,OVERPRICED_VS_PEER,201264,20260630,1,0.600,
DIAG-20260630-201264,LOW_SALES_INCENTIVE,201264,20260630,2,0.250,
DIAG-20260630-201264,SECONDARY_ARBITRAGE,201264,20260630,3,0.150,
DIAG-20260630-201268,SECONDARY_ARBITRAGE,201268,20260630,1,0.650,
DIAG-20260630-201268,OVERPRICED_VS_PEER,201268,20260630,2,0.350,
DIAG-20260630-201275,LOW_SALES_INCENTIVE,201275,20260630,1,1.000,
DIAG-20260630-201279,LOW_SALES_INCENTIVE,201279,20260630,1,1.000,
DIAG-20260630-201285,DEEP_FUNNEL_DROP_OFF,201285,20260630,1,1.000,
DIAG-20260630-201288,EXTREME_THERMAL_EXPOSURE,201288,20260630,1,0.650,
DIAG-20260630-201288,LOW_SALES_INCENTIVE,201288,20260630,2,0.350,
DIAG-20260630-201294,EXTREME_THERMAL_EXPOSURE,201294,20260630,1,0.650,
DIAG-20260630-201294,LOW_SALES_INCENTIVE,201294,20260630,2,0.350,
DIAG-20260630-201295,LOW_SALES_INCENTIVE,201295,20260630,1,1.000,
DIAG-20260630-201307,LOW_SALES_INCENTIVE,201307,20260630,1,1.000,
DIAG-20260630-201312,OVERPRICED_VS_PEER,201312,20260630,1,0.600,
DIAG-20260630-201312,LOW_SALES_INCENTIVE,201312,20260630,2,0.250,
DIAG-20260630-201312,SECONDARY_ARBITRAGE,201312,20260630,3,0.150,
DIAG-20260630-201325,OVERPRICED_VS_PEER,201325,20260630,1,0.650,
DIAG-20260630-201325,SECONDARY_ARBITRAGE,201325,20260630,2,0.350,
DIAG-20260630-201336,SECONDARY_ARBITRAGE,201336,20260630,1,0.600,
DIAG-20260630-201336,LOW_SALES_INCENTIVE,201336,20260630,2,0.250,
DIAG-20260630-201336,OVERPRICED_VS_PEER,201336,20260630,3,0.150,
DIAG-20260630-201342,DEEP_FUNNEL_DROP_OFF,201342,20260630,1,0.650,
DIAG-20260630-201342,LOW_SALES_INCENTIVE,201342,20260630,2,0.350,
DIAG-20260630-201365,LOW_SALES_INCENTIVE,201365,20260630,1,1.000,
DIAG-20260630-201373,EXTREME_THERMAL_EXPOSURE,201373,20260630,1,1.000,
DIAG-20260630-201380,LUMP_SUM_TICKET_BARRIER,201380,20260630,1,1.000,
DIAG-20260630-201386,DEEP_FUNNEL_DROP_OFF,201386,20260630,1,1.000,
DIAG-20260630-201396,LUMP_SUM_TICKET_BARRIER,201396,20260630,1,0.650,
DIAG-20260630-201396,LOW_SALES_INCENTIVE,201396,20260630,2,0.350,
DIAG-20260630-201403,LUMP_SUM_TICKET_BARRIER,201403,20260630,1,1.000,
DIAG-20260630-201408,SEVERE_PHYSICAL_DEFECT,201408,20260630,1,0.650,
DIAG-20260630-201408,LOW_SALES_INCENTIVE,201408,20260630,2,0.350,
DIAG-20260630-201422,OVERPRICED_VS_PEER,201422,20260630,1,0.650,
DIAG-20260630-201422,SECONDARY_ARBITRAGE,201422,20260630,2,0.350,
DIAG-20260630-201435,SECONDARY_ARBITRAGE,201435,20260630,1,0.650,
DIAG-20260630-201435,OVERPRICED_VS_PEER,201435,20260630,2,0.350,
DIAG-20260630-201438,DEEP_FUNNEL_DROP_OFF,201438,20260630,1,0.650,
DIAG-20260630-201438,LOW_SALES_INCENTIVE,201438,20260630,2,0.350,
DIAG-20260630-201440,LOW_SALES_INCENTIVE,201440,20260630,1,1.000,
DIAG-20260630-201446,EXTREME_THERMAL_EXPOSURE,201446,20260630,1,1.000,
DIAG-20260630-201449,SEVERE_PHYSICAL_DEFECT,201449,20260630,1,1.000,
DIAG-20260630-201457,SEVERE_PHYSICAL_DEFECT,201457,20260630,1,1.000,
DIAG-20260630-201480,OVERPRICED_VS_PEER,201480,20260630,1,0.600,
DIAG-20260630-201480,LOW_SALES_INCENTIVE,201480,20260630,2,0.250,
DIAG-20260630-201480,SECONDARY_ARBITRAGE,201480,20260630,3,0.150,
DIAG-20260630-201511,OVERPRICED_VS_PEER,201511,20260630,1,0.650,
DIAG-20260630-201511,SECONDARY_ARBITRAGE,201511,20260630,2,0.350,
DIAG-20260630-201521,OVERPRICED_VS_PEER,201521,20260630,1,0.650,
DIAG-20260630-201521,SECONDARY_ARBITRAGE,201521,20260630,2,0.350,
DIAG-20260630-201535,LOW_SALES_INCENTIVE,201535,20260630,1,1.000,
DIAG-20260630-201536,LOW_SALES_INCENTIVE,201536,20260630,1,1.000,
DIAG-20260630-201549,SEVERE_PHYSICAL_DEFECT,201549,20260630,1,1.000,
DIAG-20260630-201555,LUMP_SUM_TICKET_BARRIER,201555,20260630,1,1.000,
DIAG-20260630-201574,LOW_SALES_INCENTIVE,201574,20260630,1,1.000,
DIAG-20260630-201596,DEEP_FUNNEL_DROP_OFF,201596,20260630,1,1.000,
DIAG-20260630-201631,OVERPRICED_VS_PEER,201631,20260630,1,0.650,
DIAG-20260630-201631,SECONDARY_ARBITRAGE,201631,20260630,2,0.350,
DIAG-20260630-201639,EXTREME_THERMAL_EXPOSURE,201639,20260630,1,1.000,
DIAG-20260630-201644,SEVERE_PHYSICAL_DEFECT,201644,20260630,1,1.000,
DIAG-20260630-201652,DEEP_FUNNEL_DROP_OFF,201652,20260630,1,1.000,
DIAG-20260630-201681,DEEP_FUNNEL_DROP_OFF,201681,20260630,1,1.000,
DIAG-20260630-201685,DEEP_FUNNEL_DROP_OFF,201685,20260630,1,1.000,
DIAG-20260630-201705,LUMP_SUM_TICKET_BARRIER,201705,20260630,1,1.000,
DIAG-20260630-201737,EXTREME_THERMAL_EXPOSURE,201737,20260630,1,1.000,
DIAG-20260630-201746,SEVERE_PHYSICAL_DEFECT,201746,20260630,1,1.000,
DIAG-20260630-201754,SECONDARY_ARBITRAGE,201754,20260630,1,0.650,
DIAG-20260630-201754,OVERPRICED_VS_PEER,201754,20260630,2,0.350,
DIAG-20260630-201772,OVERPRICED_VS_PEER,201772,20260630,1,0.650,
DIAG-20260630-201772,SECONDARY_ARBITRAGE,201772,20260630,2,0.350,
DIAG-20260630-201778,EXTREME_THERMAL_EXPOSURE,201778,20260630,1,1.000,
DIAG-20260630-201802,EXTREME_THERMAL_EXPOSURE,201802,20260630,1,1.000,
DIAG-20260630-201818,OVERPRICED_VS_PEER,201818,20260630,1,0.650,
DIAG-20260630-201818,SECONDARY_ARBITRAGE,201818,20260630,2,0.350,
DIAG-20260630-201824,SEVERE_PHYSICAL_DEFECT,201824,20260630,1,1.000,
DIAG-20260630-201828,SECONDARY_ARBITRAGE,201828,20260630,1,0.600,
DIAG-20260630-201828,LOW_SALES_INCENTIVE,201828,20260630,2,0.250,
DIAG-20260630-201828,OVERPRICED_VS_PEER,201828,20260630,3,0.150,
DIAG-20260630-201837,DEEP_FUNNEL_DROP_OFF,201837,20260630,1,1.000,
DIAG-20260630-201847,LUMP_SUM_TICKET_BARRIER,201847,20260630,1,1.000,
DIAG-20260630-201871,LUMP_SUM_TICKET_BARRIER,201871,20260630,1,1.000,
DIAG-20260630-201885,SECONDARY_ARBITRAGE,201885,20260630,1,0.650,
DIAG-20260630-201885,OVERPRICED_VS_PEER,201885,20260630,2,0.350,
DIAG-20260630-201890,LOW_SALES_INCENTIVE,201890,20260630,1,1.000,
DIAG-20260630-201899,OVERPRICED_VS_PEER,201899,20260630,1,0.650,
DIAG-20260630-201899,SECONDARY_ARBITRAGE,201899,20260630,2,0.350,
DIAG-20260630-201901,LUMP_SUM_TICKET_BARRIER,201901,20260630,1,1.000,
DIAG-20260630-201907,DEEP_FUNNEL_DROP_OFF,201907,20260630,1,1.000,
DIAG-20260630-201920,LOW_SALES_INCENTIVE,201920,20260630,1,1.000,
DIAG-20260630-201926,LUMP_SUM_TICKET_BARRIER,201926,20260630,1,1.000,
DIAG-20260630-201943,EXTREME_THERMAL_EXPOSURE,201943,20260630,1,1.000,
DIAG-20260630-201955,SEVERE_PHYSICAL_DEFECT,201955,20260630,1,1.000,
DIAG-20260630-201963,SECONDARY_ARBITRAGE,201963,20260630,1,0.650,
DIAG-20260630-201963,OVERPRICED_VS_PEER,201963,20260630,2,0.350,
DIAG-20260630-201975,DEEP_FUNNEL_DROP_OFF,201975,20260630,1,1.000,
DIAG-20260630-201981,SECONDARY_ARBITRAGE,201981,20260630,1,0.650,
DIAG-20260630-201981,OVERPRICED_VS_PEER,201981,20260630,2,0.350,
DIAG-20260630-201994,DEEP_FUNNEL_DROP_OFF,201994,20260630,1,1.000,
DIAG-20260630-202005,LOW_SALES_INCENTIVE,202005,20260630,1,1.000,
DIAG-20260630-202016,LUMP_SUM_TICKET_BARRIER,202016,20260630,1,1.000,
DIAG-20260630-202037,DEEP_FUNNEL_DROP_OFF,202037,20260630,1,1.000,
DIAG-20260630-202041,DEEP_FUNNEL_DROP_OFF,202041,20260630,1,1.000,
DIAG-20260630-202042,EXTREME_THERMAL_EXPOSURE,202042,20260630,1,1.000,
DIAG-20260630-202049,DEEP_FUNNEL_DROP_OFF,202049,20260630,1,1.000,
DIAG-20260630-202051,SECONDARY_ARBITRAGE,202051,20260630,1,0.650,
DIAG-20260630-202051,OVERPRICED_VS_PEER,202051,20260630,2,0.350,
DIAG-20260630-202082,SEVERE_PHYSICAL_DEFECT,202082,20260630,1,1.000,
DIAG-20260630-202086,SEVERE_PHYSICAL_DEFECT,202086,20260630,1,0.650,
DIAG-20260630-202086,LOW_SALES_INCENTIVE,202086,20260630,2,0.350,
DIAG-20260630-202092,EXTREME_THERMAL_EXPOSURE,202092,20260630,1,0.650,
DIAG-20260630-202092,LOW_SALES_INCENTIVE,202092,20260630,2,0.350,
DIAG-20260630-202107,LUMP_SUM_TICKET_BARRIER,202107,20260630,1,1.000,
DIAG-20260630-202108,SECONDARY_ARBITRAGE,202108,20260630,1,0.650,
DIAG-20260630-202108,OVERPRICED_VS_PEER,202108,20260630,2,0.350,
DIAG-20260630-202120,LOW_SALES_INCENTIVE,202120,20260630,1,1.000,
DIAG-20260630-202137,SECONDARY_ARBITRAGE,202137,20260630,1,0.650,
DIAG-20260630-202137,OVERPRICED_VS_PEER,202137,20260630,2,0.350,
DIAG-20260630-202149,EXTREME_THERMAL_EXPOSURE,202149,20260630,1,1.000,
DIAG-20260630-202154,LUMP_SUM_TICKET_BARRIER,202154,20260630,1,1.000,
DIAG-20260630-202163,SEVERE_PHYSICAL_DEFECT,202163,20260630,1,1.000,
DIAG-20260630-202177,SECONDARY_ARBITRAGE,202177,20260630,1,0.650,
DIAG-20260630-202177,OVERPRICED_VS_PEER,202177,20260630,2,0.350,
DIAG-20260630-202179,DEEP_FUNNEL_DROP_OFF,202179,20260630,1,1.000,
DIAG-20260630-202197,SEVERE_PHYSICAL_DEFECT,202197,20260630,1,1.000,
DIAG-20260630-202209,EXTREME_THERMAL_EXPOSURE,202209,20260630,1,1.000,
DIAG-20260630-202222,SEVERE_PHYSICAL_DEFECT,202222,20260630,1,1.000,
DIAG-20260630-202225,LUMP_SUM_TICKET_BARRIER,202225,20260630,1,1.000,
DIAG-20260630-202231,LOW_SALES_INCENTIVE,202231,20260630,1,1.000,
DIAG-20260630-202241,OVERPRICED_VS_PEER,202241,20260630,1,0.650,
DIAG-20260630-202241,SECONDARY_ARBITRAGE,202241,20260630,2,0.350,
DIAG-20260630-202256,LOW_SALES_INCENTIVE,202256,20260630,1,1.000,
DIAG-20260630-202263,SECONDARY_ARBITRAGE,202263,20260630,1,0.650,
DIAG-20260630-202263,OVERPRICED_VS_PEER,202263,20260630,2,0.350,
DIAG-20260630-202265,SEVERE_PHYSICAL_DEFECT,202265,20260630,1,1.000,
DIAG-20260630-202282,EXTREME_THERMAL_EXPOSURE,202282,20260630,1,1.000,
DIAG-20260630-202299,LUMP_SUM_TICKET_BARRIER,202299,20260630,1,1.000,
DIAG-20260630-202307,OVERPRICED_VS_PEER,202307,20260630,1,0.650,
DIAG-20260630-202307,SECONDARY_ARBITRAGE,202307,20260630,2,0.350,
DIAG-20260630-202345,LUMP_SUM_TICKET_BARRIER,202345,20260630,1,1.000,
DIAG-20260630-202357,LOW_SALES_INCENTIVE,202357,20260630,1,1.000,
DIAG-20260630-202371,OVERPRICED_VS_PEER,202371,20260630,1,0.650,
DIAG-20260630-202371,SECONDARY_ARBITRAGE,202371,20260630,2,0.350,
DIAG-20260630-202377,OVERPRICED_VS_PEER,202377,20260630,1,0.650,
DIAG-20260630-202377,SECONDARY_ARBITRAGE,202377,20260630,2,0.350,
DIAG-20260630-202398,OVERPRICED_VS_PEER,202398,20260630,1,0.600,
DIAG-20260630-202398,LOW_SALES_INCENTIVE,202398,20260630,2,0.250,
DIAG-20260630-202398,SECONDARY_ARBITRAGE,202398,20260630,3,0.150,
DIAG-20260630-202401,DEEP_FUNNEL_DROP_OFF,202401,20260630,1,1.000,
DIAG-20260630-202402,SECONDARY_ARBITRAGE,202402,20260630,1,0.650,
DIAG-20260630-202402,OVERPRICED_VS_PEER,202402,20260630,2,0.350,
DIAG-20260630-202413,LOW_SALES_INCENTIVE,202413,20260630,1,1.000,
DIAG-20260630-202414,SECONDARY_ARBITRAGE,202414,20260630,1,0.650,
DIAG-20260630-202414,OVERPRICED_VS_PEER,202414,20260630,2,0.350,
DIAG-20260630-202419,SEVERE_PHYSICAL_DEFECT,202419,20260630,1,1.000,
DIAG-20260630-202422,SECONDARY_ARBITRAGE,202422,20260630,1,0.600,
DIAG-20260630-202422,LOW_SALES_INCENTIVE,202422,20260630,2,0.250,
DIAG-20260630-202422,OVERPRICED_VS_PEER,202422,20260630,3,0.150,
DIAG-20260630-202432,LOW_SALES_INCENTIVE,202432,20260630,1,1.000,
DIAG-20260630-202437,LUMP_SUM_TICKET_BARRIER,202437,20260630,1,1.000,
DIAG-20260630-202445,SECONDARY_ARBITRAGE,202445,20260630,1,0.650,
DIAG-20260630-202445,OVERPRICED_VS_PEER,202445,20260630,2,0.350,
DIAG-20260630-202457,SECONDARY_ARBITRAGE,202457,20260630,1,0.650,
DIAG-20260630-202457,OVERPRICED_VS_PEER,202457,20260630,2,0.350,
DIAG-20260630-202461,EXTREME_THERMAL_EXPOSURE,202461,20260630,1,1.000,
DIAG-20260630-202469,SECONDARY_ARBITRAGE,202469,20260630,1,0.650,
DIAG-20260630-202469,OVERPRICED_VS_PEER,202469,20260630,2,0.350,
DIAG-20260630-202479,EXTREME_THERMAL_EXPOSURE,202479,20260630,1,1.000,
DIAG-20260630-202507,LOW_SALES_INCENTIVE,202507,20260630,1,1.000,
DIAG-20260630-202540,DEEP_FUNNEL_DROP_OFF,202540,20260630,1,1.000,
DIAG-20260630-202546,EXTREME_THERMAL_EXPOSURE,202546,20260630,1,1.000,
DIAG-20260630-202550,LUMP_SUM_TICKET_BARRIER,202550,20260630,1,1.000,
DIAG-20260630-202554,OVERPRICED_VS_PEER,202554,20260630,1,0.600,
DIAG-20260630-202554,LOW_SALES_INCENTIVE,202554,20260630,2,0.250,
DIAG-20260630-202554,SECONDARY_ARBITRAGE,202554,20260630,3,0.150,
DIAG-20260630-202556,SECONDARY_ARBITRAGE,202556,20260630,1,0.650,
DIAG-20260630-202556,OVERPRICED_VS_PEER,202556,20260630,2,0.350,
DIAG-20260630-202559,SEVERE_PHYSICAL_DEFECT,202559,20260630,1,1.000,
DIAG-20260630-202568,DEEP_FUNNEL_DROP_OFF,202568,20260630,1,1.000,
DIAG-20260630-202593,EXTREME_THERMAL_EXPOSURE,202593,20260630,1,1.000,
DIAG-20260630-202602,LUMP_SUM_TICKET_BARRIER,202602,20260630,1,0.650,
DIAG-20260630-202602,LOW_SALES_INCENTIVE,202602,20260630,2,0.350,
DIAG-20260630-202632,EXTREME_THERMAL_EXPOSURE,202632,20260630,1,0.650,
DIAG-20260630-202632,LOW_SALES_INCENTIVE,202632,20260630,2,0.350,
DIAG-20260630-202682,SEVERE_PHYSICAL_DEFECT,202682,20260630,1,1.000,
DIAG-20260630-202702,SEVERE_PHYSICAL_DEFECT,202702,20260630,1,1.000,
DIAG-20260630-202703,SEVERE_PHYSICAL_DEFECT,202703,20260630,1,1.000,
DIAG-20260630-202706,OVERPRICED_VS_PEER,202706,20260630,1,0.650,
DIAG-20260630-202706,SECONDARY_ARBITRAGE,202706,20260630,2,0.350,
DIAG-20260630-202710,SEVERE_PHYSICAL_DEFECT,202710,20260630,1,0.650,
DIAG-20260630-202710,LOW_SALES_INCENTIVE,202710,20260630,2,0.350,
DIAG-20260630-202717,LOW_SALES_INCENTIVE,202717,20260630,1,1.000,
DIAG-20260630-202723,OVERPRICED_VS_PEER,202723,20260630,1,0.650,
DIAG-20260630-202723,SECONDARY_ARBITRAGE,202723,20260630,2,0.350,
DIAG-20260630-202733,SECONDARY_ARBITRAGE,202733,20260630,1,0.650,
DIAG-20260630-202733,OVERPRICED_VS_PEER,202733,20260630,2,0.350,
DIAG-20260630-202739,LOW_SALES_INCENTIVE,202739,20260630,1,1.000,
DIAG-20260630-202752,EXTREME_THERMAL_EXPOSURE,202752,20260630,1,0.650,
DIAG-20260630-202752,LOW_SALES_INCENTIVE,202752,20260630,2,0.350,
DIAG-20260630-202753,EXTREME_THERMAL_EXPOSURE,202753,20260630,1,1.000,
DIAG-20260630-202767,DEEP_FUNNEL_DROP_OFF,202767,20260630,1,1.000,
DIAG-20260630-202768,DEEP_FUNNEL_DROP_OFF,202768,20260630,1,1.000,
DIAG-20260630-202774,EXTREME_THERMAL_EXPOSURE,202774,20260630,1,1.000,
DIAG-20260630-202778,LOW_SALES_INCENTIVE,202778,20260630,1,1.000,
DIAG-20260630-202783,DEEP_FUNNEL_DROP_OFF,202783,20260630,1,1.000,
DIAG-20260630-202790,DEEP_FUNNEL_DROP_OFF,202790,20260630,1,1.000,
DIAG-20260630-202811,DEEP_FUNNEL_DROP_OFF,202811,20260630,1,1.000,
DIAG-20260630-202814,LUMP_SUM_TICKET_BARRIER,202814,20260630,1,1.000,
DIAG-20260630-202823,SEVERE_PHYSICAL_DEFECT,202823,20260630,1,1.000,
DIAG-20260630-202826,LOW_SALES_INCENTIVE,202826,20260630,1,1.000,
DIAG-20260630-202831,DEEP_FUNNEL_DROP_OFF,202831,20260630,1,1.000,
DIAG-20260630-202848,SECONDARY_ARBITRAGE,202848,20260630,1,0.600,
DIAG-20260630-202848,LOW_SALES_INCENTIVE,202848,20260630,2,0.250,
DIAG-20260630-202848,OVERPRICED_VS_PEER,202848,20260630,3,0.150,
DIAG-20260630-202853,SECONDARY_ARBITRAGE,202853,20260630,1,0.650,
DIAG-20260630-202853,OVERPRICED_VS_PEER,202853,20260630,2,0.350,
DIAG-20260630-202857,EXTREME_THERMAL_EXPOSURE,202857,20260630,1,1.000,
DIAG-20260630-202872,SEVERE_PHYSICAL_DEFECT,202872,20260630,1,0.650,
DIAG-20260630-202872,LOW_SALES_INCENTIVE,202872,20260630,2,0.350,
DIAG-20260630-202873,LOW_SALES_INCENTIVE,202873,20260630,1,1.000,
DIAG-20260630-202875,SEVERE_PHYSICAL_DEFECT,202875,20260630,1,1.000,
DIAG-20260630-202876,LUMP_SUM_TICKET_BARRIER,202876,20260630,1,1.000,
DIAG-20260630-202881,SECONDARY_ARBITRAGE,202881,20260630,1,0.650,
DIAG-20260630-202881,OVERPRICED_VS_PEER,202881,20260630,2,0.350,
DIAG-20260630-202896,LOW_SALES_INCENTIVE,202896,20260630,1,1.000,
DIAG-20260630-202899,SEVERE_PHYSICAL_DEFECT,202899,20260630,1,1.000,
DIAG-20260630-202902,SECONDARY_ARBITRAGE,202902,20260630,1,0.600,
DIAG-20260630-202902,LOW_SALES_INCENTIVE,202902,20260630,2,0.250,
DIAG-20260630-202902,OVERPRICED_VS_PEER,202902,20260630,3,0.150,
DIAG-20260630-202918,SECONDARY_ARBITRAGE,202918,20260630,1,0.650,
DIAG-20260630-202918,OVERPRICED_VS_PEER,202918,20260630,2,0.350,
DIAG-20260630-202922,SECONDARY_ARBITRAGE,202922,20260630,1,0.650,
DIAG-20260630-202922,OVERPRICED_VS_PEER,202922,20260630,2,0.350,
DIAG-20260630-202927,EXTREME_THERMAL_EXPOSURE,202927,20260630,1,1.000,
DIAG-20260630-202946,OVERPRICED_VS_PEER,202946,20260630,1,0.650,
DIAG-20260630-202946,SECONDARY_ARBITRAGE,202946,20260630,2,0.350,
DIAG-20260630-202966,EXTREME_THERMAL_EXPOSURE,202966,20260630,1,1.000,
DIAG-20260630-202975,LUMP_SUM_TICKET_BARRIER,202975,20260630,1,1.000,
DIAG-20260630-202985,LEGAL_PERMIT_BARRIER,202985,20260630,1,1.000,
DIAG-20260630-202986,LEGAL_PERMIT_BARRIER,202986,20260630,1,0.650,
DIAG-20260630-202986,LOW_SALES_INCENTIVE,202986,20260630,2,0.350,
DIAG-20260630-202987,LEGAL_PERMIT_BARRIER,202987,20260630,1,1.000,
DIAG-20260630-202988,LEGAL_PERMIT_BARRIER,202988,20260630,1,1.000,
DIAG-20260630-202989,LEGAL_PERMIT_BARRIER,202989,20260630,1,1.000,
DIAG-20260630-202990,LEGAL_PERMIT_BARRIER,202990,20260630,1,1.000,
DIAG-20260630-202991,LEGAL_PERMIT_BARRIER,202991,20260630,1,1.000,
DIAG-20260630-202992,LEGAL_PERMIT_BARRIER,202992,20260630,1,0.650,
DIAG-20260630-202992,LOW_SALES_INCENTIVE,202992,20260630,2,0.350,
DIAG-20260630-202993,LEGAL_PERMIT_BARRIER,202993,20260630,1,1.000,
DIAG-20260630-202994,LEGAL_PERMIT_BARRIER,202994,20260630,1,1.000,
DIAG-20260630-202995,LEGAL_PERMIT_BARRIER,202995,20260630,1,1.000,
DIAG-20260630-202996,LEGAL_PERMIT_BARRIER,202996,20260630,1,1.000,
DIAG-20260630-202997,LEGAL_PERMIT_BARRIER,202997,20260630,1,1.000,
DIAG-20260630-202998,LEGAL_PERMIT_BARRIER,202998,20260630,1,0.650,
DIAG-20260630-202998,LOW_SALES_INCENTIVE,202998,20260630,2,0.350,
DIAG-20260630-202999,LEGAL_PERMIT_BARRIER,202999,20260630,1,1.000,
DIAG-20260630-203000,LEGAL_PERMIT_BARRIER,203000,20260630,1,1.000,
