macro_record_id,date_key,market_id,segment,floating_mortgage_rate_pct,months_of_inventory_moi,absorption_rate_pct,median_household_income_vnd,macro_price_to_income_ratio
MAC-MAS-U-EAST-AFFORDABLE-202601,20260131,MKT-EAST-HCM,AFFORDABLE,12.81,8.0,12.44,280000000,7.9
MAC-MAS-U-EAST-MID-202601,20260131,MKT-EAST-HCM,MID,12.83,9.0,11.17,280000000,12.4
MAC-MAS-U-EAST-MID_HIGH-202601,20260131,MKT-EAST-HCM,MID_HIGH,12.85,9.4,10.65,280000000,16.9
MAC-MAS-U-EAST-LUXURY-202601,20260131,MKT-EAST-HCM,LUXURY,12.89,10.2,9.81,280000000,22.0
MAC-MAS-U-EAST-AFFORDABLE-202602,20260228,MKT-EAST-HCM,AFFORDABLE,13.23,8.3,12.02,280000000,7.8
MAC-MAS-U-EAST-MID-202602,20260228,MKT-EAST-HCM,MID,13.38,9.9,10.09,280000000,12.4
MAC-MAS-U-EAST-MID_HIGH-202602,20260228,MKT-EAST-HCM,MID_HIGH,13.35,10.3,9.74,280000000,16.0
MAC-MAS-U-EAST-LUXURY-202602,20260228,MKT-EAST-HCM,LUXURY,13.24,10.7,9.37,280000000,22.1
MAC-MAS-U-EAST-AFFORDABLE-202603,20260331,MKT-EAST-HCM,AFFORDABLE,12.36,7.3,13.61,280000000,8.0
MAC-MAS-U-EAST-MID-202603,20260331,MKT-EAST-HCM,MID,12.31,8.5,11.77,280000000,11.9
MAC-MAS-U-EAST-MID_HIGH-202603,20260331,MKT-EAST-HCM,MID_HIGH,12.34,8.6,11.66,280000000,15.9
MAC-MAS-U-EAST-LUXURY-202603,20260331,MKT-EAST-HCM,LUXURY,12.42,9.9,10.12,280000000,22.8
MAC-MAS-U-EAST-AFFORDABLE-202604,20260430,MKT-EAST-HCM,AFFORDABLE,11.61,7.1,14.03,280000000,7.8
MAC-MAS-U-EAST-MID-202604,20260430,MKT-EAST-HCM,MID,11.55,7.8,12.88,280000000,12.4
MAC-MAS-U-EAST-MID_HIGH-202604,20260430,MKT-EAST-HCM,MID_HIGH,11.68,8.0,12.46,280000000,16.2
MAC-MAS-U-EAST-LUXURY-202604,20260430,MKT-EAST-HCM,LUXURY,11.55,8.2,12.24,280000000,22.6
MAC-MAS-U-EAST-AFFORDABLE-202605,20260531,MKT-EAST-HCM,AFFORDABLE,10.94,6.9,14.4,280000000,7.8
MAC-MAS-U-EAST-MID-202605,20260531,MKT-EAST-HCM,MID,11.09,7.5,13.34,280000000,12.0
MAC-MAS-U-EAST-MID_HIGH-202605,20260531,MKT-EAST-HCM,MID_HIGH,11.09,7.4,13.59,280000000,16.6
MAC-MAS-U-EAST-LUXURY-202605,20260531,MKT-EAST-HCM,LUXURY,11.06,8.5,11.8,280000000,22.4
MAC-MAS-U-EAST-AFFORDABLE-202606,20260630,MKT-EAST-HCM,AFFORDABLE,10.62,6.9,14.53,280000000,7.8
MAC-MAS-U-EAST-MID-202606,20260630,MKT-EAST-HCM,MID,10.61,6.5,15.35,280000000,12.2
MAC-MAS-U-EAST-MID_HIGH-202606,20260630,MKT-EAST-HCM,MID_HIGH,10.75,7.2,13.86,280000000,16.1
MAC-MAS-U-EAST-LUXURY-202606,20260630,MKT-EAST-HCM,LUXURY,10.68,7.8,12.83,280000000,22.4
