zone_key,zone_id,project_key,zone_name,zone_type,total_floors,basement_floors,units_per_floor,passenger_elevators,elevator_ratio,handover_standard
101,ZN-SAPPHIRE1,100,The Sapphire 1,HIGH_RISE_TOWER,28,1,20,5,4.0,BASIC_FINISH
102,ZN-SAPPHIRE2,100,The Sapphire 2,HIGH_RISE_TOWER,28,1,22,6,3.7,BASIC_FINISH
103,ZN-ZENPARK,100,The Zenpark,HIGH_RISE_TOWER,31,1,22,6,3.7,BASIC_FINISH
104,ZN-ZURICH,100,The Zurich,HIGH_RISE_TOWER,30,2,21,7,3.0,FULLY_FURNISHED
105,ZN-BEVERLY,100,The Beverly,HIGH_RISE_TOWER,29,2,24,5,4.8,FULLY_FURNISHED
106,ZN-LONDON,100,The London,HIGH_RISE_TOWER,30,2,26,5,5.2,BASIC_FINISH
107,ZN-PARIS,100,The Paris,HIGH_RISE_TOWER,31,2,27,5,5.4,BASIC_FINISH
108,ZN-MASTERI,100,Masteri Waterfront,HIGH_RISE_TOWER,30,2,24,5,4.8,FULLY_FURNISHED
109,ZN-PAVILION,100,The Pavilion,HIGH_RISE_TOWER,27,1,20,5,4.0,BASIC_FINISH
201,ZN-VHSC-S101,200,S1.01,HIGH_RISE_TOWER,35,1,19,6,3.2,BASIC_FINISH
202,ZN-VHSC-S102,200,S1.02,HIGH_RISE_TOWER,35,1,19,6,3.2,BASIC_FINISH
203,ZN-VHSC-S201,200,S2.01,HIGH_RISE_TOWER,35,1,19,6,3.2,BASIC_FINISH
204,ZN-VHSC-S202,200,S2.02,HIGH_RISE_TOWER,35,1,19,6,3.2,BASIC_FINISH
205,ZN-VHSC-S301,200,S3.01,HIGH_RISE_TOWER,35,1,30,6,5.0,BASIC_FINISH
206,ZN-VHSC-S401,200,S4.01,HIGH_RISE_TOWER,35,1,30,6,5.0,BASIC_FINISH
207,ZN-VHSC-MOCK-LGL-01,200,MOCK-LGL-01,HIGH_RISE_TOWER,35,1,30,6,5.0,BASIC_FINISH
301,ZN-RAINBOW1,300,Toa Rainbow 1,HIGH_RISE_TOWER,26.0,4,24.0,3.0,8.0,BASIC_FINISH
302,ZN-RAINBOW2,300,Toa Rainbow 2,HIGH_RISE_TOWER,26.0,3,24.0,5.0,4.8,BASIC_FINISH
303,ZN-RAINBOW3,300,Toa Rainbow 3,HIGH_RISE_TOWER,35.0,4,17.0,5.0,3.4,BASIC_FINISH
304,ZN-RAINBOW4,300,Toa Rainbow 4,HIGH_RISE_TOWER,36.0,3,17.0,3.0,5.7,BASIC_FINISH
305,ZN-RAINBOW5,300,Toa Rainbow 5,HIGH_RISE_TOWER,36.0,3,17.0,4.0,4.2,BASIC_FINISH
306,ZN-RAINBOW6,300,Toa Rainbow 6,HIGH_RISE_TOWER,30.0,2,20.0,5.0,4.0,BASIC_FINISH
307,ZN-RAINBOW7,300,Toa Rainbow 7,HIGH_RISE_TOWER,35.0,3,17.0,4.0,4.2,BASIC_FINISH
308,ZN-RAINBOW8,300,Toa Rainbow 8,HIGH_RISE_TOWER,36.0,3,17.0,4.0,4.2,BASIC_FINISH
309,ZN-RAINBOW9,300,Toa Rainbow 9,HIGH_RISE_TOWER,31.0,2,20.0,3.0,6.7,BASIC_FINISH
310,ZN-RAINBOW10,300,Toa Rainbow 10,HIGH_RISE_TOWER,32.0,4,19.0,3.0,6.3,BASIC_FINISH
311,ZN-RAINBOW11,300,Toa Rainbow 11,HIGH_RISE_TOWER,37.0,4,17.0,3.0,5.7,BASIC_FINISH
312,ZN-RAINBOW12,300,Toa Rainbow 12,HIGH_RISE_TOWER,33.0,2,19.0,5.0,3.8,BASIC_FINISH
313,ZN-RAINBOW13,300,Toa Rainbow 13,HIGH_RISE_TOWER,34.0,3,18.0,3.0,6.0,BASIC_FINISH
314,ZN-RAINBOW14,300,Toa Rainbow 14,HIGH_RISE_TOWER,38.0,3,16.0,5.0,3.2,BASIC_FINISH
315,ZN-RAINBOW15,300,Toa Rainbow 15,HIGH_RISE_TOWER,34.0,4,18.0,5.0,3.6,BASIC_FINISH
316,ZN-RAINBOW16,300,Toa Rainbow 16,HIGH_RISE_TOWER,27.0,3,23.0,4.0,5.8,BASIC_FINISH
317,ZN-RAINBOW17,300,Toa Rainbow 17,HIGH_RISE_TOWER,31.0,2,20.0,4.0,5.0,BASIC_FINISH
318,ZN-ORIGAMI1,300,Toa Origami 1,HIGH_RISE_TOWER,27.0,4,21.0,5.0,4.2,BASIC_FINISH
319,ZN-ORIGAMI2,300,Toa Origami 2,HIGH_RISE_TOWER,37.0,4,15.0,4.0,3.8,BASIC_FINISH
320,ZN-ORIGAMI3,300,Toa Origami 3,HIGH_RISE_TOWER,38.0,3,15.0,3.0,5.0,BASIC_FINISH
321,ZN-ORIGAMI4,300,Toa Origami 4,HIGH_RISE_TOWER,37.0,3,15.0,3.0,5.0,BASIC_FINISH
322,ZN-ORIGAMI5,300,Toa Origami 5,HIGH_RISE_TOWER,31.0,4,18.0,3.0,6.0,BASIC_FINISH
323,ZN-ORIGAMI6,300,Toa Origami 6,HIGH_RISE_TOWER,31.0,2,18.0,5.0,3.6,BASIC_FINISH
324,ZN-ORIGAMI7,300,Toa Origami 7,HIGH_RISE_TOWER,31.0,2,18.0,3.0,6.0,BASIC_FINISH
325,ZN-ORIGAMI8,300,Toa Origami 8,HIGH_RISE_TOWER,32.0,4,18.0,5.0,3.6,BASIC_FINISH
326,ZN-ORIGAMI9,300,Toa Origami 9,HIGH_RISE_TOWER,31.0,2,18.0,5.0,3.6,BASIC_FINISH
327,ZN-ORIGAMI10,300,Toa Origami 10,HIGH_RISE_TOWER,33.0,4,17.0,3.0,5.7,BASIC_FINISH
328,ZN-ORIGAMI11,300,Toa Origami 11,HIGH_RISE_TOWER,29.0,4,20.0,5.0,4.0,BASIC_FINISH
329,ZN-ORIGAMI12,300,Toa Origami 12,HIGH_RISE_TOWER,31.0,4,18.0,5.0,3.6,BASIC_FINISH
330,ZN-ORIGAMI13,300,Toa Origami 13,HIGH_RISE_TOWER,30.0,4,19.0,3.0,6.3,BASIC_FINISH
331,ZN-ORIGAMI14,300,Toa Origami 14,HIGH_RISE_TOWER,28.0,4,20.0,4.0,5.0,BASIC_FINISH
332,ZN-ORIGAMI15,300,Toa Origami 15,HIGH_RISE_TOWER,26.0,4,22.0,3.0,7.3,BASIC_FINISH
333,ZN-ORIGAMI16,300,Toa Origami 16,HIGH_RISE_TOWER,36.0,2,16.0,5.0,3.2,BASIC_FINISH
334,ZN-ORIGAMI17,300,Toa Origami 17,HIGH_RISE_TOWER,36.0,4,16.0,4.0,4.0,BASIC_FINISH
335,ZN-ORIGAMI18,300,Toa Origami 18,HIGH_RISE_TOWER,31.0,4,18.0,3.0,6.0,BASIC_FINISH
336,ZN-ORIGAMI19,300,Toa Origami 19,HIGH_RISE_TOWER,35.0,3,16.0,4.0,4.0,BASIC_FINISH
337,ZN-ORIGAMI20,300,Toa Origami 20,HIGH_RISE_TOWER,32.0,3,18.0,3.0,6.0,BASIC_FINISH
338,ZN-ORIGAMI21,300,Toa Origami 21,HIGH_RISE_TOWER,26.0,2,22.0,3.0,7.3,BASIC_FINISH
339,ZN-BEVERLY1,300,Toa Beverly 1,HIGH_RISE_TOWER,31.0,4,27.0,4.0,6.8,BASIC_FINISH
340,ZN-BEVERLY2,300,Toa Beverly 2,HIGH_RISE_TOWER,31.0,4,27.0,4.0,6.8,BASIC_FINISH
341,ZN-BEVERLY3,300,Toa Beverly 3,HIGH_RISE_TOWER,26.0,4,33.0,4.0,8.2,BASIC_FINISH
342,ZN-BEVERLY4,300,Toa Beverly 4,HIGH_RISE_TOWER,33.0,3,26.0,4.0,6.5,BASIC_FINISH
343,ZN-BEVERLY5,300,Toa Beverly 5,HIGH_RISE_TOWER,26.0,3,33.0,5.0,6.6,BASIC_FINISH
344,ZN-BEVERLY6,300,Toa Beverly 6,HIGH_RISE_TOWER,29.0,3,29.0,3.0,9.7,BASIC_FINISH
345,ZN-GLORY1,300,Toa Glory Heights 1,HIGH_RISE_TOWER,29.0,3,24.0,5.0,4.8,BASIC_FINISH
346,ZN-GLORY2,300,Toa Glory Heights 2,HIGH_RISE_TOWER,28.0,2,25.0,4.0,6.2,BASIC_FINISH
347,ZN-GLORY3,300,Toa Glory Heights 3,HIGH_RISE_TOWER,38.0,4,18.0,3.0,6.0,BASIC_FINISH
348,ZN-GLORY4,300,Toa Glory Heights 4,HIGH_RISE_TOWER,28.0,4,25.0,3.0,8.3,BASIC_FINISH
349,ZN-GLORY5,300,Toa Glory Heights 5,HIGH_RISE_TOWER,36.0,2,19.0,5.0,3.8,BASIC_FINISH
350,ZN-MANHATTAN1,300,Manhattan Cum 1,LOW_RISE_VILLA,,0,,,,BARE_SHELL
351,ZN-MANHATTAN2,300,Manhattan Cum 2,LOW_RISE_VILLA,,0,,,,BARE_SHELL
352,ZN-MANHATTAN3,300,Manhattan Cum 3,LOW_RISE_VILLA,,0,,,,BARE_SHELL
353,ZN-MANHATTAN4,300,Manhattan Cum 4,LOW_RISE_VILLA,,0,,,,BARE_SHELL
354,ZN-MANHATTAN5,300,Manhattan Cum 5,LOW_RISE_VILLA,,0,,,,BARE_SHELL
355,ZN-MANHATTAN6,300,Manhattan Cum 6,LOW_RISE_VILLA,,0,,,,BARE_SHELL
356,ZN-MANHATTAN7,300,Manhattan Cum 7,LOW_RISE_VILLA,,0,,,,BARE_SHELL
357,ZN-MANHATTAN8,300,Manhattan Cum 8,LOW_RISE_VILLA,,0,,,,BARE_SHELL
358,ZN-OPUS1,300,Toa Opus One 1,HIGH_RISE_TOWER,34.0,2,17.0,4.0,4.2,BASIC_FINISH
359,ZN-OPUS2,300,Toa Opus One 2,HIGH_RISE_TOWER,32.0,3,15.0,3.0,5.0,BASIC_FINISH
360,ZN-OPUS3,300,Toa Opus One 3,HIGH_RISE_TOWER,32.0,3,14.0,4.0,3.5,BASIC_FINISH
361,ZN-OPUS4,300,Toa Opus One 4,HIGH_RISE_TOWER,34.0,4,17.0,5.0,3.4,BASIC_FINISH
401,ZN-MAS-U-A,400,Riviera - Tòa A,HIGH_RISE_TOWER,39,3,16,4,4.0,BASIC_FINISH
402,ZN-MAS-U-B,400,Riviera - Tòa B,HIGH_RISE_TOWER,36,3,16,4,4.0,BASIC_FINISH
403,ZN-MAS-U-C,400,Riviera - Tòa C,HIGH_RISE_TOWER,33,3,16,5,3.2,BASIC_FINISH
404,ZN-MAS-U-D,400,Riviera - Tòa D,HIGH_RISE_TOWER,30,2,17,5,3.4,BASIC_FINISH
405,ZN-MAS-U-E,400,Riviera - Tòa E,HIGH_RISE_TOWER,27,3,17,4,4.3,BASIC_FINISH
406,ZN-MAS-U-F,400,Gardenia - Tòa F,HIGH_RISE_TOWER,24,2,18,5,3.6,BASIC_FINISH
407,ZN-MAS-U-G,400,Gardenia - Tòa G,HIGH_RISE_TOWER,26,3,18,6,3.0,BASIC_FINISH
408,ZN-MAS-U-H,400,Gardenia - Tòa H,HIGH_RISE_TOWER,30,3,16,4,4.0,BASIC_FINISH
409,ZN-MAS-U-I,400,Gardenia - Tòa I,HIGH_RISE_TOWER,34,2,15,4,3.8,BASIC_FINISH
410,ZN-MAS-U-J,400,Gardenia - Tòa J,HIGH_RISE_TOWER,36,3,15,4,3.8,BASIC_FINISH
501,RISK-PM-N1,500,Tháp N1,HIGH_RISE_TOWER,25,2,66,6,11.0,BASIC_FINISH
502,RISK-PM-N2,500,Tháp N2,HIGH_RISE_TOWER,25,2,66,6,11.0,BASIC_FINISH
