infra_key,infra_id,infra_name,infra_type,lifecycle_stage,construction_progress_pct,original_completion_year,revised_completion_year
1101,INF-EXPRESSWAY-HNHP,Cao toc Ha Noi - Hai Phong (QL5B),EXPRESSWAY,COMMERCIAL_OPERATION,100.00,2015,
1102,INF-COLINH,Nut giao Co Linh,BRIDGE,COMMERCIAL_OPERATION,100.00,2015,
1103,INF-RINGROAD3,Vanh dai 3 Ha Noi,RING_ROAD,COMMERCIAL_OPERATION,100.00,2012,
1104,INF-RINGROAD4,Vanh dai 4 Ha Noi,RING_ROAD,UNDER_CONSTRUCTION,35.00,2027,
1105,INF-METRO8,Tuyen Metro so 8 (Son Dong - Duong Xa),URBAN_METRO,PLANNING_APPROVED,0.00,2035,2035
2101,INF-METRO-05,Metro số 5,URBAN_METRO,PLANNING_APPROVED,0.00,,
2102,INF-METRO-06,Metro số 6,URBAN_METRO,PLANNING_APPROVED,0.00,,
2103,INF-THANG-LONG,Đại lộ Thăng Long,EXPRESSWAY,COMMERCIAL_OPERATION,100.00,,
2104,INF-RING-ROAD-3.5,Vành đai 3.5,RING_ROAD,UNDER_CONSTRUCTION,50.00,,
3101,INF-METRO-01,Tuyen Metro so 1 Ben Thanh - Suoi Tien,URBAN_METRO,COMMERCIAL_OPERATION,100.0,2021.0,2024.0
3102,INF-VANHDAI3-TD,Vanh dai 3 TP.HCM (doan qua TP. Thu Duc),RING_ROAD,UNDER_CONSTRUCTION,82.5,2025.0,2026.0
3103,INF-METRO-07,Tuyen Metro so 7 (Tan Kien - Vinhomes Grand Park),URBAN_METRO,PLANNING_APPROVED,,,
3104,INF-CT-LONGTHANH,Cao toc TP.HCM - Long Thanh - Dau Giay (mo rong),EXPRESSWAY,UNDER_CONSTRUCTION,70.0,2026.0,2026.0
4101,INF-MAS-U-01,Đường Vành đai 3 TP.HCM,RING_ROAD,UNDER_CONSTRUCTION,82.0,2025,2026
4102,INF-MAS-U-02,Tuyến Metro số 1 Bến Thành - Suối Tiên,URBAN_METRO,COMMERCIAL_OPERATION,100.0,2021,2024
4103,INF-MAS-U-03,Cao tốc TP.HCM - Long Thành - Dầu Giây,EXPRESSWAY,COMMERCIAL_OPERATION,100.0,2014,2015
4104,INF-MAS-U-04,Sân bay quốc tế Long Thành,AIRPORT,UNDER_CONSTRUCTION,75.0,2025,2026
5101,INF-PM-LOGISTICS-CORRIDOR,Hành lang logistics Phú Mỹ - chỉ số mô phỏng,EXPRESSWAY,COMMERCIAL_OPERATION,100.0,2020,2021
