channel_key,channel_id,channel_name,channel_tier,active_brokers_count
1001,AGENCY-CENLAND,Cen Land,TIER_1_EXCLUSIVE,120
1002,AGENCY-EXPRESS,Vinhomes Express,INHOUSE,80
1003,AGENCY-GENERAL1,Sang BDS General,TIER_2_GENERAL,60
1004,AGENCY-GENERAL2,Dai Phong Land,TIER_2_GENERAL,45
2001,MOCK-AGENCY-01,Synthetic sales channel 01,INHOUSE,11
2002,MOCK-AGENCY-02,Synthetic sales channel 02,TIER_2_GENERAL,14
2003,MOCK-AGENCY-03,Synthetic sales channel 03,TIER_2_GENERAL,17
2004,MOCK-AGENCY-04,Synthetic sales channel 04,TIER_2_GENERAL,20
2005,MOCK-AGENCY-05,Synthetic sales channel 05,TIER_2_GENERAL,23
2006,MOCK-AGENCY-06,Synthetic sales channel 06,TIER_2_GENERAL,26
2007,MOCK-AGENCY-07,Synthetic sales channel 07,TIER_2_GENERAL,29
2008,MOCK-AGENCY-08,Synthetic sales channel 08,TIER_2_GENERAL,32
3001,AGENCY-KHAIHOANLAND,Khai Hoan Land (Platinum Agency),TIER_1_EXCLUSIVE,180
3002,AGENCY-DONGTAYLAND,Dong Tay Land (Platinum Plus Agency),TIER_1_EXCLUSIVE,220
3003,AGENCY-SAIGONREAL,Saigon Real (Dat Xanh South),TIER_2_GENERAL,95
3004,INHOUSE-VINHOMES,Vinhomes Sales - Doi ban hang noi bo,INHOUSE,60
3005,AGENCY-GENERIC-01,Dai ly phan phoi thu cap A (mock),TIER_2_GENERAL,40
4001,CH-MAS-U-01,Masterise Homes - Phòng kinh doanh trực tiếp (MOCK),INHOUSE,120
4002,CH-MAS-U-02,Sàn phân phối độc quyền Alpha (MOCK),TIER_1_EXCLUSIVE,350
4003,CH-MAS-U-03,Sàn phân phối độc quyền Beta (MOCK),TIER_1_EXCLUSIVE,280
4004,CH-MAS-U-04,Đại lý Gamma (MOCK),TIER_2_GENERAL,150
4005,CH-MAS-U-05,Đại lý Delta (MOCK),TIER_2_GENERAL,90
4006,CH-MAS-U-06,Đại lý Epsilon (MOCK),TIER_2_GENERAL,60
5001,RISK-PM-INHOUSE,Đội bán hàng nội bộ mô phỏng,INHOUSE,18
5002,RISK-PM-EXCLUSIVE-A,Sàn độc quyền A mô phỏng,TIER_1_EXCLUSIVE,42
5003,RISK-PM-GENERAL-B,Sàn tổng hợp B mô phỏng,TIER_2_GENERAL,55
5004,RISK-PM-GENERAL-C,Sàn tổng hợp C mô phỏng,TIER_2_GENERAL,33
