comp_id,project_id,unit_type,floor_band,balcony_orientation,recorded_resale_date,resale_price_per_m2_vnd,pink_book_status
MOCK-COMP-0001,MOCK-NEIGHBOR-2,1PN,MID,SE,2026-06-28,46200000,PINK_BOOK_AVAILABLE
MOCK-COMP-0002,MOCK-NEIGHBOR-3,2PN,HIGH,W,2026-06-27,46400000,SPA_ASSIGNMENT
MOCK-COMP-0003,MOCK-NEIGHBOR-4,3PN,LOW,SW,2026-06-26,43600000,PINK_BOOK_AVAILABLE
MOCK-COMP-0004,MOCK-NEIGHBOR-1,1PN,MID,E,2026-06-25,46800000,SPA_ASSIGNMENT
MOCK-COMP-0005,MOCK-NEIGHBOR-2,2PN,HIGH,SE,2026-06-24,46000000,PINK_BOOK_AVAILABLE
MOCK-COMP-0006,MOCK-NEIGHBOR-3,3PN,LOW,W,2026-06-23,43200000,SPA_ASSIGNMENT
MOCK-COMP-0007,MOCK-NEIGHBOR-4,1PN,MID,SW,2026-06-22,46400000,PINK_BOOK_AVAILABLE
MOCK-COMP-0008,MOCK-NEIGHBOR-1,2PN,HIGH,E,2026-06-21,46600000,SPA_ASSIGNMENT
MOCK-COMP-0009,MOCK-NEIGHBOR-2,3PN,LOW,SE,2026-06-20,43800000,PINK_BOOK_AVAILABLE
MOCK-COMP-0010,MOCK-NEIGHBOR-3,1PN,MID,W,2026-06-19,46000000,SPA_ASSIGNMENT
MOCK-COMP-0011,MOCK-NEIGHBOR-4,2PN,HIGH,SW,2026-06-18,46200000,PINK_BOOK_AVAILABLE
MOCK-COMP-0012,MOCK-NEIGHBOR-1,3PN,LOW,E,2026-06-17,43400000,SPA_ASSIGNMENT
MOCK-COMP-0013,MOCK-NEIGHBOR-2,1PN,MID,SE,2026-06-16,46600000,PINK_BOOK_AVAILABLE
MOCK-COMP-0014,MOCK-NEIGHBOR-3,2PN,HIGH,W,2026-06-15,46800000,SPA_ASSIGNMENT
MOCK-COMP-0015,MOCK-NEIGHBOR-4,3PN,LOW,SW,2026-06-14,43000000,PINK_BOOK_AVAILABLE
MOCK-COMP-0016,MOCK-NEIGHBOR-1,1PN,MID,E,2026-06-13,46200000,SPA_ASSIGNMENT
MOCK-COMP-0017,MOCK-NEIGHBOR-2,2PN,HIGH,SE,2026-06-12,46400000,PINK_BOOK_AVAILABLE
MOCK-COMP-0018,MOCK-NEIGHBOR-3,3PN,LOW,W,2026-06-11,43600000,SPA_ASSIGNMENT
MOCK-COMP-0019,MOCK-NEIGHBOR-4,1PN,MID,SW,2026-06-10,46800000,PINK_BOOK_AVAILABLE
MOCK-COMP-0020,MOCK-NEIGHBOR-1,2PN,HIGH,E,2026-06-09,46000000,SPA_ASSIGNMENT
MOCK-COMP-0021,MOCK-NEIGHBOR-2,3PN,LOW,SE,2026-06-08,43200000,PINK_BOOK_AVAILABLE
MOCK-COMP-0022,MOCK-NEIGHBOR-3,1PN,MID,W,2026-06-07,46400000,SPA_ASSIGNMENT
MOCK-COMP-0023,MOCK-NEIGHBOR-4,2PN,HIGH,SW,2026-06-06,46600000,PINK_BOOK_AVAILABLE
MOCK-COMP-0024,MOCK-NEIGHBOR-1,3PN,LOW,E,2026-06-05,43800000,SPA_ASSIGNMENT
MOCK-COMP-0025,MOCK-NEIGHBOR-2,1PN,MID,SE,2026-06-04,46000000,PINK_BOOK_AVAILABLE
MOCK-COMP-0026,MOCK-NEIGHBOR-3,2PN,HIGH,W,2026-06-03,46200000,SPA_ASSIGNMENT
MOCK-COMP-0027,MOCK-NEIGHBOR-4,3PN,LOW,SW,2026-06-02,43400000,PINK_BOOK_AVAILABLE
MOCK-COMP-0028,MOCK-NEIGHBOR-1,1PN,MID,E,2026-06-01,46600000,SPA_ASSIGNMENT
MOCK-COMP-0029,MOCK-NEIGHBOR-2,2PN,HIGH,SE,2026-05-31,46800000,PINK_BOOK_AVAILABLE
MOCK-COMP-0030,MOCK-NEIGHBOR-3,3PN,LOW,W,2026-05-30,43000000,SPA_ASSIGNMENT
MOCK-COMP-0031,MOCK-NEIGHBOR-4,1PN,MID,SW,2026-05-29,46200000,PINK_BOOK_AVAILABLE
MOCK-COMP-0032,MOCK-NEIGHBOR-1,2PN,HIGH,E,2026-05-28,46400000,SPA_ASSIGNMENT
MOCK-COMP-0033,MOCK-NEIGHBOR-2,3PN,LOW,SE,2026-05-27,43600000,PINK_BOOK_AVAILABLE
MOCK-COMP-0034,MOCK-NEIGHBOR-3,1PN,MID,W,2026-05-26,46800000,SPA_ASSIGNMENT
MOCK-COMP-0035,MOCK-NEIGHBOR-4,2PN,HIGH,SW,2026-05-25,46000000,PINK_BOOK_AVAILABLE
MOCK-COMP-0036,MOCK-NEIGHBOR-1,3PN,LOW,E,2026-05-24,43200000,SPA_ASSIGNMENT
MOCK-COMP-0037,MOCK-NEIGHBOR-2,1PN,MID,SE,2026-05-23,46400000,PINK_BOOK_AVAILABLE
MOCK-COMP-0038,MOCK-NEIGHBOR-3,2PN,HIGH,W,2026-05-22,46600000,SPA_ASSIGNMENT
MOCK-COMP-0039,MOCK-NEIGHBOR-4,3PN,LOW,SW,2026-05-21,43800000,PINK_BOOK_AVAILABLE
MOCK-COMP-0040,MOCK-NEIGHBOR-1,1PN,MID,E,2026-05-20,46000000,SPA_ASSIGNMENT
MOCK-COMP-0041,MOCK-NEIGHBOR-2,2PN,HIGH,SE,2026-05-19,46200000,PINK_BOOK_AVAILABLE
MOCK-COMP-0042,MOCK-NEIGHBOR-3,3PN,LOW,W,2026-05-18,43400000,SPA_ASSIGNMENT
MOCK-COMP-0043,MOCK-NEIGHBOR-4,1PN,MID,SW,2026-05-17,46600000,PINK_BOOK_AVAILABLE
MOCK-COMP-0044,MOCK-NEIGHBOR-1,2PN,HIGH,E,2026-05-16,46800000,SPA_ASSIGNMENT
MOCK-COMP-0045,MOCK-NEIGHBOR-2,3PN,LOW,SE,2026-05-15,43000000,PINK_BOOK_AVAILABLE
MOCK-COMP-0046,MOCK-NEIGHBOR-3,1PN,MID,W,2026-05-14,46200000,SPA_ASSIGNMENT
MOCK-COMP-0047,MOCK-NEIGHBOR-4,2PN,HIGH,SW,2026-05-13,46400000,PINK_BOOK_AVAILABLE
MOCK-COMP-0048,MOCK-NEIGHBOR-1,3PN,LOW,E,2026-05-12,43600000,SPA_ASSIGNMENT
MOCK-COMP-0049,MOCK-NEIGHBOR-2,1PN,MID,SE,2026-05-11,46800000,PINK_BOOK_AVAILABLE
MOCK-COMP-0050,MOCK-NEIGHBOR-3,2PN,HIGH,W,2026-05-10,46000000,SPA_ASSIGNMENT
MOCK-COMP-0051,MOCK-NEIGHBOR-4,3PN,LOW,SW,2026-05-09,43200000,PINK_BOOK_AVAILABLE
MOCK-COMP-0052,MOCK-NEIGHBOR-1,1PN,MID,E,2026-05-08,46400000,SPA_ASSIGNMENT
MOCK-COMP-0053,MOCK-NEIGHBOR-2,2PN,HIGH,SE,2026-05-07,46600000,PINK_BOOK_AVAILABLE
MOCK-COMP-0054,MOCK-NEIGHBOR-3,3PN,LOW,W,2026-05-06,43800000,SPA_ASSIGNMENT
MOCK-COMP-0055,MOCK-NEIGHBOR-4,1PN,MID,SW,2026-05-05,46000000,PINK_BOOK_AVAILABLE
MOCK-COMP-0056,MOCK-NEIGHBOR-1,2PN,HIGH,E,2026-05-04,46200000,SPA_ASSIGNMENT
MOCK-COMP-0057,MOCK-NEIGHBOR-2,3PN,LOW,SE,2026-05-03,43400000,PINK_BOOK_AVAILABLE
MOCK-COMP-0058,MOCK-NEIGHBOR-3,1PN,MID,W,2026-05-02,46600000,SPA_ASSIGNMENT
MOCK-COMP-0059,MOCK-NEIGHBOR-4,2PN,HIGH,SW,2026-05-01,46800000,PINK_BOOK_AVAILABLE
MOCK-COMP-0060,MOCK-NEIGHBOR-1,3PN,LOW,E,2026-04-30,43000000,SPA_ASSIGNMENT
MOCK-COMP-0061,MOCK-NEIGHBOR-2,1PN,MID,SE,2026-04-29,46200000,PINK_BOOK_AVAILABLE
MOCK-COMP-0062,MOCK-NEIGHBOR-3,2PN,HIGH,W,2026-04-28,46400000,SPA_ASSIGNMENT
MOCK-COMP-0063,MOCK-NEIGHBOR-4,3PN,LOW,SW,2026-04-27,43600000,PINK_BOOK_AVAILABLE
MOCK-COMP-0064,MOCK-NEIGHBOR-1,1PN,MID,E,2026-04-26,46800000,SPA_ASSIGNMENT
MOCK-COMP-0065,MOCK-NEIGHBOR-2,2PN,HIGH,SE,2026-04-25,46000000,PINK_BOOK_AVAILABLE
MOCK-COMP-0066,MOCK-NEIGHBOR-3,3PN,LOW,W,2026-04-24,43200000,SPA_ASSIGNMENT
MOCK-COMP-0067,MOCK-NEIGHBOR-4,1PN,MID,SW,2026-04-23,46400000,PINK_BOOK_AVAILABLE
MOCK-COMP-0068,MOCK-NEIGHBOR-1,2PN,HIGH,E,2026-04-22,46600000,SPA_ASSIGNMENT
MOCK-COMP-0069,MOCK-NEIGHBOR-2,3PN,LOW,SE,2026-04-21,43800000,PINK_BOOK_AVAILABLE
MOCK-COMP-0070,MOCK-NEIGHBOR-3,1PN,MID,W,2026-04-20,46000000,SPA_ASSIGNMENT
MOCK-COMP-0071,MOCK-NEIGHBOR-4,2PN,HIGH,SW,2026-04-19,46200000,PINK_BOOK_AVAILABLE
MOCK-COMP-0072,MOCK-NEIGHBOR-1,3PN,LOW,E,2026-04-18,43400000,SPA_ASSIGNMENT
MOCK-COMP-0073,MOCK-NEIGHBOR-2,1PN,MID,SE,2026-04-17,46600000,PINK_BOOK_AVAILABLE
MOCK-COMP-0074,MOCK-NEIGHBOR-3,2PN,HIGH,W,2026-04-16,46800000,SPA_ASSIGNMENT
MOCK-COMP-0075,MOCK-NEIGHBOR-4,3PN,LOW,SW,2026-06-29,43000000,PINK_BOOK_AVAILABLE
MOCK-COMP-0076,MOCK-NEIGHBOR-1,1PN,MID,E,2026-06-28,46200000,SPA_ASSIGNMENT
MOCK-COMP-0077,MOCK-NEIGHBOR-2,2PN,HIGH,SE,2026-06-27,46400000,PINK_BOOK_AVAILABLE
MOCK-COMP-0078,MOCK-NEIGHBOR-3,3PN,LOW,W,2026-06-26,43600000,SPA_ASSIGNMENT
MOCK-COMP-0079,MOCK-NEIGHBOR-4,1PN,MID,SW,2026-06-25,46800000,PINK_BOOK_AVAILABLE
MOCK-COMP-0080,MOCK-NEIGHBOR-1,2PN,HIGH,E,2026-06-24,46000000,SPA_ASSIGNMENT
MOCK-COMP-0081,MOCK-NEIGHBOR-2,3PN,LOW,SE,2026-06-23,43200000,PINK_BOOK_AVAILABLE
MOCK-COMP-0082,MOCK-NEIGHBOR-3,1PN,MID,W,2026-06-22,46400000,SPA_ASSIGNMENT
MOCK-COMP-0083,MOCK-NEIGHBOR-4,2PN,HIGH,SW,2026-06-21,46600000,PINK_BOOK_AVAILABLE
MOCK-COMP-0084,MOCK-NEIGHBOR-1,3PN,LOW,E,2026-06-20,43800000,SPA_ASSIGNMENT
MOCK-COMP-0085,MOCK-NEIGHBOR-2,1PN,MID,SE,2026-06-19,46000000,PINK_BOOK_AVAILABLE
MOCK-COMP-0086,MOCK-NEIGHBOR-3,2PN,HIGH,W,2026-06-18,46200000,SPA_ASSIGNMENT
MOCK-COMP-0087,MOCK-NEIGHBOR-4,3PN,LOW,SW,2026-06-17,43400000,PINK_BOOK_AVAILABLE
MOCK-COMP-0088,MOCK-NEIGHBOR-1,1PN,MID,E,2026-06-16,46600000,SPA_ASSIGNMENT
MOCK-COMP-0089,MOCK-NEIGHBOR-2,2PN,HIGH,SE,2026-06-15,46800000,PINK_BOOK_AVAILABLE
MOCK-COMP-0090,MOCK-NEIGHBOR-3,3PN,LOW,W,2026-06-14,43000000,SPA_ASSIGNMENT
MOCK-COMP-0091,MOCK-NEIGHBOR-4,1PN,MID,SW,2026-06-13,46200000,PINK_BOOK_AVAILABLE
MOCK-COMP-0092,MOCK-NEIGHBOR-1,2PN,HIGH,E,2026-06-12,46400000,SPA_ASSIGNMENT
MOCK-COMP-0093,MOCK-NEIGHBOR-2,3PN,LOW,SE,2026-06-11,43600000,PINK_BOOK_AVAILABLE
MOCK-COMP-0094,MOCK-NEIGHBOR-3,1PN,MID,W,2026-06-10,46800000,SPA_ASSIGNMENT
MOCK-COMP-0095,MOCK-NEIGHBOR-4,2PN,HIGH,SW,2026-06-09,46000000,PINK_BOOK_AVAILABLE
MOCK-COMP-0096,MOCK-NEIGHBOR-1,3PN,LOW,E,2026-06-08,43200000,SPA_ASSIGNMENT
