date_key,full_date,year,quarter,month,day_of_month,is_weekend,fiscal_quarter
20260101,2026-01-01,2026,1,1,1,f,2026-Q1
20260102,2026-01-02,2026,1,1,2,f,2026-Q1
20260103,2026-01-03,2026,1,1,3,t,2026-Q1
20260104,2026-01-04,2026,1,1,4,t,2026-Q1
20260105,2026-01-05,2026,1,1,5,f,2026-Q1
20260106,2026-01-06,2026,1,1,6,f,2026-Q1
20260107,2026-01-07,2026,1,1,7,f,2026-Q1
20260108,2026-01-08,2026,1,1,8,f,2026-Q1
20260109,2026-01-09,2026,1,1,9,f,2026-Q1
20260110,2026-01-10,2026,1,1,10,t,2026-Q1
20260111,2026-01-11,2026,1,1,11,t,2026-Q1
20260112,2026-01-12,2026,1,1,12,f,2026-Q1
20260113,2026-01-13,2026,1,1,13,f,2026-Q1
20260114,2026-01-14,2026,1,1,14,f,2026-Q1
20260115,2026-01-15,2026,1,1,15,f,2026-Q1
20260116,2026-01-16,2026,1,1,16,f,2026-Q1
20260117,2026-01-17,2026,1,1,17,t,2026-Q1
20260118,2026-01-18,2026,1,1,18,t,2026-Q1
20260119,2026-01-19,2026,1,1,19,f,2026-Q1
20260120,2026-01-20,2026,1,1,20,f,2026-Q1
20260121,2026-01-21,2026,1,1,21,f,2026-Q1
20260122,2026-01-22,2026,1,1,22,f,2026-Q1
20260123,2026-01-23,2026,1,1,23,f,2026-Q1
20260124,2026-01-24,2026,1,1,24,t,2026-Q1
20260125,2026-01-25,2026,1,1,25,t,2026-Q1
20260126,2026-01-26,2026,1,1,26,f,2026-Q1
20260127,2026-01-27,2026,1,1,27,f,2026-Q1
20260128,2026-01-28,2026,1,1,28,f,2026-Q1
20260129,2026-01-29,2026,1,1,29,f,2026-Q1
20260130,2026-01-30,2026,1,1,30,f,2026-Q1
20260131,2026-01-31,2026,1,1,31,t,2026-Q1
20260201,2026-02-01,2026,1,2,1,t,2026-Q1
20260202,2026-02-02,2026,1,2,2,f,2026-Q1
20260203,2026-02-03,2026,1,2,3,f,2026-Q1
20260204,2026-02-04,2026,1,2,4,f,2026-Q1
20260205,2026-02-05,2026,1,2,5,f,2026-Q1
20260206,2026-02-06,2026,1,2,6,f,2026-Q1
20260207,2026-02-07,2026,1,2,7,t,2026-Q1
20260208,2026-02-08,2026,1,2,8,t,2026-Q1
20260209,2026-02-09,2026,1,2,9,f,2026-Q1
20260210,2026-02-10,2026,1,2,10,f,2026-Q1
20260211,2026-02-11,2026,1,2,11,f,2026-Q1
20260212,2026-02-12,2026,1,2,12,f,2026-Q1
20260213,2026-02-13,2026,1,2,13,f,2026-Q1
20260214,2026-02-14,2026,1,2,14,t,2026-Q1
20260215,2026-02-15,2026,1,2,15,t,2026-Q1
20260216,2026-02-16,2026,1,2,16,f,2026-Q1
20260217,2026-02-17,2026,1,2,17,f,2026-Q1
20260218,2026-02-18,2026,1,2,18,f,2026-Q1
20260219,2026-02-19,2026,1,2,19,f,2026-Q1
20260220,2026-02-20,2026,1,2,20,f,2026-Q1
20260221,2026-02-21,2026,1,2,21,t,2026-Q1
20260222,2026-02-22,2026,1,2,22,t,2026-Q1
20260223,2026-02-23,2026,1,2,23,f,2026-Q1
20260224,2026-02-24,2026,1,2,24,f,2026-Q1
20260225,2026-02-25,2026,1,2,25,f,2026-Q1
20260226,2026-02-26,2026,1,2,26,f,2026-Q1
20260227,2026-02-27,2026,1,2,27,f,2026-Q1
20260228,2026-02-28,2026,1,2,28,t,2026-Q1
20260301,2026-03-01,2026,1,3,1,t,2026-Q1
20260302,2026-03-02,2026,1,3,2,f,2026-Q1
20260303,2026-03-03,2026,1,3,3,f,2026-Q1
20260304,2026-03-04,2026,1,3,4,f,2026-Q1
20260305,2026-03-05,2026,1,3,5,f,2026-Q1
20260306,2026-03-06,2026,1,3,6,f,2026-Q1
20260307,2026-03-07,2026,1,3,7,t,2026-Q1
20260308,2026-03-08,2026,1,3,8,t,2026-Q1
20260309,2026-03-09,2026,1,3,9,f,2026-Q1
20260310,2026-03-10,2026,1,3,10,f,2026-Q1
20260311,2026-03-11,2026,1,3,11,f,2026-Q1
20260312,2026-03-12,2026,1,3,12,f,2026-Q1
20260313,2026-03-13,2026,1,3,13,f,2026-Q1
20260314,2026-03-14,2026,1,3,14,t,2026-Q1
20260315,2026-03-15,2026,1,3,15,t,2026-Q1
20260316,2026-03-16,2026,1,3,16,f,2026-Q1
20260317,2026-03-17,2026,1,3,17,f,2026-Q1
20260318,2026-03-18,2026,1,3,18,f,2026-Q1
20260319,2026-03-19,2026,1,3,19,f,2026-Q1
20260320,2026-03-20,2026,1,3,20,f,2026-Q1
20260321,2026-03-21,2026,1,3,21,t,2026-Q1
20260322,2026-03-22,2026,1,3,22,t,2026-Q1
20260323,2026-03-23,2026,1,3,23,f,2026-Q1
20260324,2026-03-24,2026,1,3,24,f,2026-Q1
20260325,2026-03-25,2026,1,3,25,f,2026-Q1
20260326,2026-03-26,2026,1,3,26,f,2026-Q1
20260327,2026-03-27,2026,1,3,27,f,2026-Q1
20260328,2026-03-28,2026,1,3,28,t,2026-Q1
20260329,2026-03-29,2026,1,3,29,t,2026-Q1
20260330,2026-03-30,2026,1,3,30,f,2026-Q1
20260331,2026-03-31,2026,1,3,31,f,2026-Q1
20260401,2026-04-01,2026,2,4,1,f,2026-Q2
20260402,2026-04-02,2026,2,4,2,f,2026-Q2
20260403,2026-04-03,2026,2,4,3,f,2026-Q2
20260404,2026-04-04,2026,2,4,4,t,2026-Q2
20260405,2026-04-05,2026,2,4,5,t,2026-Q2
20260406,2026-04-06,2026,2,4,6,f,2026-Q2
20260407,2026-04-07,2026,2,4,7,f,2026-Q2
20260408,2026-04-08,2026,2,4,8,f,2026-Q2
20260409,2026-04-09,2026,2,4,9,f,2026-Q2
20260410,2026-04-10,2026,2,4,10,f,2026-Q2
20260411,2026-04-11,2026,2,4,11,t,2026-Q2
20260412,2026-04-12,2026,2,4,12,t,2026-Q2
20260413,2026-04-13,2026,2,4,13,f,2026-Q2
20260414,2026-04-14,2026,2,4,14,f,2026-Q2
20260415,2026-04-15,2026,2,4,15,f,2026-Q2
20260416,2026-04-16,2026,2,4,16,f,2026-Q2
20260417,2026-04-17,2026,2,4,17,f,2026-Q2
20260418,2026-04-18,2026,2,4,18,t,2026-Q2
20260419,2026-04-19,2026,2,4,19,t,2026-Q2
20260420,2026-04-20,2026,2,4,20,f,2026-Q2
20260421,2026-04-21,2026,2,4,21,f,2026-Q2
20260422,2026-04-22,2026,2,4,22,f,2026-Q2
20260423,2026-04-23,2026,2,4,23,f,2026-Q2
20260424,2026-04-24,2026,2,4,24,f,2026-Q2
20260425,2026-04-25,2026,2,4,25,t,2026-Q2
20260426,2026-04-26,2026,2,4,26,t,2026-Q2
20260427,2026-04-27,2026,2,4,27,f,2026-Q2
20260428,2026-04-28,2026,2,4,28,f,2026-Q2
20260429,2026-04-29,2026,2,4,29,f,2026-Q2
20260430,2026-04-30,2026,2,4,30,f,2026-Q2
20260501,2026-05-01,2026,2,5,1,f,2026-Q2
20260502,2026-05-02,2026,2,5,2,t,2026-Q2
20260503,2026-05-03,2026,2,5,3,t,2026-Q2
20260504,2026-05-04,2026,2,5,4,f,2026-Q2
20260505,2026-05-05,2026,2,5,5,f,2026-Q2
20260506,2026-05-06,2026,2,5,6,f,2026-Q2
20260507,2026-05-07,2026,2,5,7,f,2026-Q2
20260508,2026-05-08,2026,2,5,8,f,2026-Q2
20260509,2026-05-09,2026,2,5,9,t,2026-Q2
20260510,2026-05-10,2026,2,5,10,t,2026-Q2
20260511,2026-05-11,2026,2,5,11,f,2026-Q2
20260512,2026-05-12,2026,2,5,12,f,2026-Q2
20260513,2026-05-13,2026,2,5,13,f,2026-Q2
20260514,2026-05-14,2026,2,5,14,f,2026-Q2
20260515,2026-05-15,2026,2,5,15,f,2026-Q2
20260516,2026-05-16,2026,2,5,16,t,2026-Q2
20260517,2026-05-17,2026,2,5,17,t,2026-Q2
20260518,2026-05-18,2026,2,5,18,f,2026-Q2
20260519,2026-05-19,2026,2,5,19,f,2026-Q2
20260520,2026-05-20,2026,2,5,20,f,2026-Q2
20260521,2026-05-21,2026,2,5,21,f,2026-Q2
20260522,2026-05-22,2026,2,5,22,f,2026-Q2
20260523,2026-05-23,2026,2,5,23,t,2026-Q2
20260524,2026-05-24,2026,2,5,24,t,2026-Q2
20260525,2026-05-25,2026,2,5,25,f,2026-Q2
20260526,2026-05-26,2026,2,5,26,f,2026-Q2
20260527,2026-05-27,2026,2,5,27,f,2026-Q2
20260528,2026-05-28,2026,2,5,28,f,2026-Q2
20260529,2026-05-29,2026,2,5,29,f,2026-Q2
20260530,2026-05-30,2026,2,5,30,t,2026-Q2
20260531,2026-05-31,2026,2,5,31,t,2026-Q2
20260601,2026-06-01,2026,2,6,1,f,2026-Q2
20260602,2026-06-02,2026,2,6,2,f,2026-Q2
20260603,2026-06-03,2026,2,6,3,f,2026-Q2
20260604,2026-06-04,2026,2,6,4,f,2026-Q2
20260605,2026-06-05,2026,2,6,5,f,2026-Q2
20260606,2026-06-06,2026,2,6,6,t,2026-Q2
20260607,2026-06-07,2026,2,6,7,t,2026-Q2
20260608,2026-06-08,2026,2,6,8,f,2026-Q2
20260609,2026-06-09,2026,2,6,9,f,2026-Q2
20260610,2026-06-10,2026,2,6,10,f,2026-Q2
20260611,2026-06-11,2026,2,6,11,f,2026-Q2
20260612,2026-06-12,2026,2,6,12,f,2026-Q2
20260613,2026-06-13,2026,2,6,13,t,2026-Q2
20260614,2026-06-14,2026,2,6,14,t,2026-Q2
20260615,2026-06-15,2026,2,6,15,f,2026-Q2
20260616,2026-06-16,2026,2,6,16,f,2026-Q2
20260617,2026-06-17,2026,2,6,17,f,2026-Q2
20260618,2026-06-18,2026,2,6,18,f,2026-Q2
20260619,2026-06-19,2026,2,6,19,f,2026-Q2
20260620,2026-06-20,2026,2,6,20,t,2026-Q2
20260621,2026-06-21,2026,2,6,21,t,2026-Q2
20260622,2026-06-22,2026,2,6,22,f,2026-Q2
20260623,2026-06-23,2026,2,6,23,f,2026-Q2
20260624,2026-06-24,2026,2,6,24,f,2026-Q2
20260625,2026-06-25,2026,2,6,25,f,2026-Q2
20260626,2026-06-26,2026,2,6,26,f,2026-Q2
20260627,2026-06-27,2026,2,6,27,t,2026-Q2
20260628,2026-06-28,2026,2,6,28,t,2026-Q2
20260629,2026-06-29,2026,2,6,29,f,2026-Q2
20260630,2026-06-30,2026,2,6,30,f,2026-Q2
