zone_key,zone_id,project_key,zone_name,zone_type,total_floors,basement_floors,units_per_floor,passenger_elevators,elevator_ratio,handover_standard,sub_project_id,sub_project_name,segment,construction_status,construction_progress_pct,is_sales_permit_issued,is_bank_guarantee_issued,expected_handover_date
301,ZN-RAINBOW1,300,Toa Rainbow 1,HIGH_RISE_TOWER,26.0,4,24.0,3.0,8.0,BASIC_FINISH,PRJ-VGP-RAINBOW,The Rainbow - Vinhomes Grand Park,MID,HANDED_OVER,100.0,True,True,2020-12-31
302,ZN-RAINBOW2,300,Toa Rainbow 2,HIGH_RISE_TOWER,26.0,3,24.0,5.0,4.8,BASIC_FINISH,PRJ-VGP-RAINBOW,The Rainbow - Vinhomes Grand Park,MID,HANDED_OVER,100.0,True,True,2020-12-31
303,ZN-RAINBOW3,300,Toa Rainbow 3,HIGH_RISE_TOWER,35.0,4,17.0,5.0,3.4,BASIC_FINISH,PRJ-VGP-RAINBOW,The Rainbow - Vinhomes Grand Park,MID,HANDED_OVER,100.0,True,True,2020-12-31
304,ZN-RAINBOW4,300,Toa Rainbow 4,HIGH_RISE_TOWER,36.0,3,17.0,3.0,5.7,BASIC_FINISH,PRJ-VGP-RAINBOW,The Rainbow - Vinhomes Grand Park,MID,HANDED_OVER,100.0,True,True,2020-12-31
305,ZN-RAINBOW5,300,Toa Rainbow 5,HIGH_RISE_TOWER,36.0,3,17.0,4.0,4.2,BASIC_FINISH,PRJ-VGP-RAINBOW,The Rainbow - Vinhomes Grand Park,MID,HANDED_OVER,100.0,True,True,2020-12-31
306,ZN-RAINBOW6,300,Toa Rainbow 6,HIGH_RISE_TOWER,30.0,2,20.0,5.0,4.0,BASIC_FINISH,PRJ-VGP-RAINBOW,The Rainbow - Vinhomes Grand Park,MID,HANDED_OVER,100.0,True,True,2020-12-31
307,ZN-RAINBOW7,300,Toa Rainbow 7,HIGH_RISE_TOWER,35.0,3,17.0,4.0,4.2,BASIC_FINISH,PRJ-VGP-RAINBOW,The Rainbow - Vinhomes Grand Park,MID,HANDED_OVER,100.0,True,True,2020-12-31
308,ZN-RAINBOW8,300,Toa Rainbow 8,HIGH_RISE_TOWER,36.0,3,17.0,4.0,4.2,BASIC_FINISH,PRJ-VGP-RAINBOW,The Rainbow - Vinhomes Grand Park,MID,HANDED_OVER,100.0,True,True,2020-12-31
309,ZN-RAINBOW9,300,Toa Rainbow 9,HIGH_RISE_TOWER,31.0,2,20.0,3.0,6.7,BASIC_FINISH,PRJ-VGP-RAINBOW,The Rainbow - Vinhomes Grand Park,MID,HANDED_OVER,100.0,True,True,2020-12-31
310,ZN-RAINBOW10,300,Toa Rainbow 10,HIGH_RISE_TOWER,32.0,4,19.0,3.0,6.3,BASIC_FINISH,PRJ-VGP-RAINBOW,The Rainbow - Vinhomes Grand Park,MID,HANDED_OVER,100.0,True,True,2020-12-31
311,ZN-RAINBOW11,300,Toa Rainbow 11,HIGH_RISE_TOWER,37.0,4,17.0,3.0,5.7,BASIC_FINISH,PRJ-VGP-RAINBOW,The Rainbow - Vinhomes Grand Park,MID,HANDED_OVER,100.0,True,True,2020-12-31
312,ZN-RAINBOW12,300,Toa Rainbow 12,HIGH_RISE_TOWER,33.0,2,19.0,5.0,3.8,BASIC_FINISH,PRJ-VGP-RAINBOW,The Rainbow - Vinhomes Grand Park,MID,HANDED_OVER,100.0,True,True,2020-12-31
313,ZN-RAINBOW13,300,Toa Rainbow 13,HIGH_RISE_TOWER,34.0,3,18.0,3.0,6.0,BASIC_FINISH,PRJ-VGP-RAINBOW,The Rainbow - Vinhomes Grand Park,MID,HANDED_OVER,100.0,True,True,2020-12-31
314,ZN-RAINBOW14,300,Toa Rainbow 14,HIGH_RISE_TOWER,38.0,3,16.0,5.0,3.2,BASIC_FINISH,PRJ-VGP-RAINBOW,The Rainbow - Vinhomes Grand Park,MID,HANDED_OVER,100.0,True,True,2020-12-31
315,ZN-RAINBOW15,300,Toa Rainbow 15,HIGH_RISE_TOWER,34.0,4,18.0,5.0,3.6,BASIC_FINISH,PRJ-VGP-RAINBOW,The Rainbow - Vinhomes Grand Park,MID,HANDED_OVER,100.0,True,True,2020-12-31
316,ZN-RAINBOW16,300,Toa Rainbow 16,HIGH_RISE_TOWER,27.0,3,23.0,4.0,5.8,BASIC_FINISH,PRJ-VGP-RAINBOW,The Rainbow - Vinhomes Grand Park,MID,HANDED_OVER,100.0,True,True,2020-12-31
317,ZN-RAINBOW17,300,Toa Rainbow 17,HIGH_RISE_TOWER,31.0,2,20.0,4.0,5.0,BASIC_FINISH,PRJ-VGP-RAINBOW,The Rainbow - Vinhomes Grand Park,MID,HANDED_OVER,100.0,True,True,2020-12-31
318,ZN-ORIGAMI1,300,Toa Origami 1,HIGH_RISE_TOWER,27.0,4,21.0,5.0,4.2,BASIC_FINISH,PRJ-VGP-ORIGAMI,The Origami - Vinhomes Grand Park,MID_HIGH,HANDED_OVER,100.0,True,True,2021-06-30
319,ZN-ORIGAMI2,300,Toa Origami 2,HIGH_RISE_TOWER,37.0,4,15.0,4.0,3.8,BASIC_FINISH,PRJ-VGP-ORIGAMI,The Origami - Vinhomes Grand Park,MID_HIGH,HANDED_OVER,100.0,True,True,2021-06-30
320,ZN-ORIGAMI3,300,Toa Origami 3,HIGH_RISE_TOWER,38.0,3,15.0,3.0,5.0,BASIC_FINISH,PRJ-VGP-ORIGAMI,The Origami - Vinhomes Grand Park,MID_HIGH,HANDED_OVER,100.0,True,True,2021-06-30
321,ZN-ORIGAMI4,300,Toa Origami 4,HIGH_RISE_TOWER,37.0,3,15.0,3.0,5.0,BASIC_FINISH,PRJ-VGP-ORIGAMI,The Origami - Vinhomes Grand Park,MID_HIGH,HANDED_OVER,100.0,True,True,2021-06-30
322,ZN-ORIGAMI5,300,Toa Origami 5,HIGH_RISE_TOWER,31.0,4,18.0,3.0,6.0,BASIC_FINISH,PRJ-VGP-ORIGAMI,The Origami - Vinhomes Grand Park,MID_HIGH,HANDED_OVER,100.0,True,True,2021-06-30
323,ZN-ORIGAMI6,300,Toa Origami 6,HIGH_RISE_TOWER,31.0,2,18.0,5.0,3.6,BASIC_FINISH,PRJ-VGP-ORIGAMI,The Origami - Vinhomes Grand Park,MID_HIGH,HANDED_OVER,100.0,True,True,2021-06-30
324,ZN-ORIGAMI7,300,Toa Origami 7,HIGH_RISE_TOWER,31.0,2,18.0,3.0,6.0,BASIC_FINISH,PRJ-VGP-ORIGAMI,The Origami - Vinhomes Grand Park,MID_HIGH,HANDED_OVER,100.0,True,True,2021-06-30
325,ZN-ORIGAMI8,300,Toa Origami 8,HIGH_RISE_TOWER,32.0,4,18.0,5.0,3.6,BASIC_FINISH,PRJ-VGP-ORIGAMI,The Origami - Vinhomes Grand Park,MID_HIGH,HANDED_OVER,100.0,True,True,2021-06-30
326,ZN-ORIGAMI9,300,Toa Origami 9,HIGH_RISE_TOWER,31.0,2,18.0,5.0,3.6,BASIC_FINISH,PRJ-VGP-ORIGAMI,The Origami - Vinhomes Grand Park,MID_HIGH,HANDED_OVER,100.0,True,True,2021-06-30
327,ZN-ORIGAMI10,300,Toa Origami 10,HIGH_RISE_TOWER,33.0,4,17.0,3.0,5.7,BASIC_FINISH,PRJ-VGP-ORIGAMI,The Origami - Vinhomes Grand Park,MID_HIGH,HANDED_OVER,100.0,True,True,2021-06-30
328,ZN-ORIGAMI11,300,Toa Origami 11,HIGH_RISE_TOWER,29.0,4,20.0,5.0,4.0,BASIC_FINISH,PRJ-VGP-ORIGAMI,The Origami - Vinhomes Grand Park,MID_HIGH,HANDED_OVER,100.0,True,True,2021-06-30
329,ZN-ORIGAMI12,300,Toa Origami 12,HIGH_RISE_TOWER,31.0,4,18.0,5.0,3.6,BASIC_FINISH,PRJ-VGP-ORIGAMI,The Origami - Vinhomes Grand Park,MID_HIGH,HANDED_OVER,100.0,True,True,2021-06-30
330,ZN-ORIGAMI13,300,Toa Origami 13,HIGH_RISE_TOWER,30.0,4,19.0,3.0,6.3,BASIC_FINISH,PRJ-VGP-ORIGAMI,The Origami - Vinhomes Grand Park,MID_HIGH,HANDED_OVER,100.0,True,True,2021-06-30
331,ZN-ORIGAMI14,300,Toa Origami 14,HIGH_RISE_TOWER,28.0,4,20.0,4.0,5.0,BASIC_FINISH,PRJ-VGP-ORIGAMI,The Origami - Vinhomes Grand Park,MID_HIGH,HANDED_OVER,100.0,True,True,2021-06-30
332,ZN-ORIGAMI15,300,Toa Origami 15,HIGH_RISE_TOWER,26.0,4,22.0,3.0,7.3,BASIC_FINISH,PRJ-VGP-ORIGAMI,The Origami - Vinhomes Grand Park,MID_HIGH,HANDED_OVER,100.0,True,True,2021-06-30
333,ZN-ORIGAMI16,300,Toa Origami 16,HIGH_RISE_TOWER,36.0,2,16.0,5.0,3.2,BASIC_FINISH,PRJ-VGP-ORIGAMI,The Origami - Vinhomes Grand Park,MID_HIGH,HANDED_OVER,100.0,True,True,2021-06-30
334,ZN-ORIGAMI17,300,Toa Origami 17,HIGH_RISE_TOWER,36.0,4,16.0,4.0,4.0,BASIC_FINISH,PRJ-VGP-ORIGAMI,The Origami - Vinhomes Grand Park,MID_HIGH,HANDED_OVER,100.0,True,True,2021-06-30
335,ZN-ORIGAMI18,300,Toa Origami 18,HIGH_RISE_TOWER,31.0,4,18.0,3.0,6.0,BASIC_FINISH,PRJ-VGP-ORIGAMI,The Origami - Vinhomes Grand Park,MID_HIGH,HANDED_OVER,100.0,True,True,2021-06-30
336,ZN-ORIGAMI19,300,Toa Origami 19,HIGH_RISE_TOWER,35.0,3,16.0,4.0,4.0,BASIC_FINISH,PRJ-VGP-ORIGAMI,The Origami - Vinhomes Grand Park,MID_HIGH,HANDED_OVER,100.0,True,True,2021-06-30
337,ZN-ORIGAMI20,300,Toa Origami 20,HIGH_RISE_TOWER,32.0,3,18.0,3.0,6.0,BASIC_FINISH,PRJ-VGP-ORIGAMI,The Origami - Vinhomes Grand Park,MID_HIGH,HANDED_OVER,100.0,True,True,2021-06-30
338,ZN-ORIGAMI21,300,Toa Origami 21,HIGH_RISE_TOWER,26.0,2,22.0,3.0,7.3,BASIC_FINISH,PRJ-VGP-ORIGAMI,The Origami - Vinhomes Grand Park,MID_HIGH,HANDED_OVER,100.0,True,True,2021-06-30
339,ZN-BEVERLY1,300,Toa Beverly 1,HIGH_RISE_TOWER,31.0,4,27.0,4.0,6.8,BASIC_FINISH,PRJ-VGP-BEVERLY,The Beverly - Vinhomes Grand Park,MID_HIGH,HANDED_OVER,100.0,True,True,2022-03-31
340,ZN-BEVERLY2,300,Toa Beverly 2,HIGH_RISE_TOWER,31.0,4,27.0,4.0,6.8,BASIC_FINISH,PRJ-VGP-BEVERLY,The Beverly - Vinhomes Grand Park,MID_HIGH,HANDED_OVER,100.0,True,True,2022-03-31
341,ZN-BEVERLY3,300,Toa Beverly 3,HIGH_RISE_TOWER,26.0,4,33.0,4.0,8.2,BASIC_FINISH,PRJ-VGP-BEVERLY,The Beverly - Vinhomes Grand Park,MID_HIGH,HANDED_OVER,100.0,True,True,2022-03-31
342,ZN-BEVERLY4,300,Toa Beverly 4,HIGH_RISE_TOWER,33.0,3,26.0,4.0,6.5,BASIC_FINISH,PRJ-VGP-BEVERLY,The Beverly - Vinhomes Grand Park,MID_HIGH,HANDED_OVER,100.0,True,True,2022-03-31
343,ZN-BEVERLY5,300,Toa Beverly 5,HIGH_RISE_TOWER,26.0,3,33.0,5.0,6.6,BASIC_FINISH,PRJ-VGP-BEVERLY,The Beverly - Vinhomes Grand Park,MID_HIGH,HANDED_OVER,100.0,True,True,2022-03-31
344,ZN-BEVERLY6,300,Toa Beverly 6,HIGH_RISE_TOWER,29.0,3,29.0,3.0,9.7,BASIC_FINISH,PRJ-VGP-BEVERLY,The Beverly - Vinhomes Grand Park,MID_HIGH,HANDED_OVER,100.0,True,True,2022-03-31
345,ZN-GLORY1,300,Toa Glory Heights 1,HIGH_RISE_TOWER,29.0,3,24.0,5.0,4.8,BASIC_FINISH,PRJ-VGP-GLORY,Glory Heights - Vinhomes Grand Park,MID_HIGH,HANDED_OVER,100.0,True,True,2022-09-30
346,ZN-GLORY2,300,Toa Glory Heights 2,HIGH_RISE_TOWER,28.0,2,25.0,4.0,6.2,BASIC_FINISH,PRJ-VGP-GLORY,Glory Heights - Vinhomes Grand Park,MID_HIGH,HANDED_OVER,100.0,True,True,2022-09-30
347,ZN-GLORY3,300,Toa Glory Heights 3,HIGH_RISE_TOWER,38.0,4,18.0,3.0,6.0,BASIC_FINISH,PRJ-VGP-GLORY,Glory Heights - Vinhomes Grand Park,MID_HIGH,HANDED_OVER,100.0,True,True,2022-09-30
348,ZN-GLORY4,300,Toa Glory Heights 4,HIGH_RISE_TOWER,28.0,4,25.0,3.0,8.3,BASIC_FINISH,PRJ-VGP-GLORY,Glory Heights - Vinhomes Grand Park,MID_HIGH,HANDED_OVER,100.0,True,True,2022-09-30
349,ZN-GLORY5,300,Toa Glory Heights 5,HIGH_RISE_TOWER,36.0,2,19.0,5.0,3.8,BASIC_FINISH,PRJ-VGP-GLORY,Glory Heights - Vinhomes Grand Park,MID_HIGH,HANDED_OVER,100.0,True,True,2022-09-30
350,ZN-MANHATTAN1,300,Manhattan Cum 1,LOW_RISE_VILLA,,0,,,,BARE_SHELL,PRJ-VGP-MANHATTAN,The Manhattan - Vinhomes Grand Park,MID_HIGH,HANDED_OVER,100.0,True,False,2022-12-31
351,ZN-MANHATTAN2,300,Manhattan Cum 2,LOW_RISE_VILLA,,0,,,,BARE_SHELL,PRJ-VGP-MANHATTAN,The Manhattan - Vinhomes Grand Park,MID_HIGH,HANDED_OVER,100.0,True,False,2022-12-31
352,ZN-MANHATTAN3,300,Manhattan Cum 3,LOW_RISE_VILLA,,0,,,,BARE_SHELL,PRJ-VGP-MANHATTAN,The Manhattan - Vinhomes Grand Park,MID_HIGH,HANDED_OVER,100.0,True,False,2022-12-31
353,ZN-MANHATTAN4,300,Manhattan Cum 4,LOW_RISE_VILLA,,0,,,,BARE_SHELL,PRJ-VGP-MANHATTAN,The Manhattan - Vinhomes Grand Park,MID_HIGH,HANDED_OVER,100.0,True,False,2022-12-31
354,ZN-MANHATTAN5,300,Manhattan Cum 5,LOW_RISE_VILLA,,0,,,,BARE_SHELL,PRJ-VGP-MANHATTAN,The Manhattan - Vinhomes Grand Park,MID_HIGH,HANDED_OVER,100.0,True,False,2022-12-31
355,ZN-MANHATTAN6,300,Manhattan Cum 6,LOW_RISE_VILLA,,0,,,,BARE_SHELL,PRJ-VGP-MANHATTAN,The Manhattan - Vinhomes Grand Park,MID_HIGH,HANDED_OVER,100.0,True,False,2022-12-31
356,ZN-MANHATTAN7,300,Manhattan Cum 7,LOW_RISE_VILLA,,0,,,,BARE_SHELL,PRJ-VGP-MANHATTAN,The Manhattan - Vinhomes Grand Park,MID_HIGH,HANDED_OVER,100.0,True,False,2022-12-31
357,ZN-MANHATTAN8,300,Manhattan Cum 8,LOW_RISE_VILLA,,0,,,,BARE_SHELL,PRJ-VGP-MANHATTAN,The Manhattan - Vinhomes Grand Park,MID_HIGH,HANDED_OVER,100.0,True,False,2022-12-31
358,ZN-OPUS1,300,Toa Opus One 1,HIGH_RISE_TOWER,34.0,2,17.0,4.0,4.2,BASIC_FINISH,PRJ-VGP-OPUSONE,The Opus One - Vinhomes Grand Park,MID_HIGH,SUPERSTRUCTURE,55.0,True,True,2028-12-31
359,ZN-OPUS2,300,Toa Opus One 2,HIGH_RISE_TOWER,32.0,3,15.0,3.0,5.0,BASIC_FINISH,PRJ-VGP-OPUSONE,The Opus One - Vinhomes Grand Park,MID_HIGH,SUPERSTRUCTURE,55.0,True,True,2028-12-31
360,ZN-OPUS3,300,Toa Opus One 3,HIGH_RISE_TOWER,32.0,3,14.0,4.0,3.5,BASIC_FINISH,PRJ-VGP-OPUSONE,The Opus One - Vinhomes Grand Park,MID_HIGH,SUPERSTRUCTURE,55.0,True,True,2028-12-31
361,ZN-OPUS4,300,Toa Opus One 4,HIGH_RISE_TOWER,34.0,4,17.0,5.0,3.4,BASIC_FINISH,PRJ-VGP-OPUSONE,The Opus One - Vinhomes Grand Park,MID_HIGH,SUPERSTRUCTURE,55.0,True,True,2028-12-31
