question_id,question_vi,difficulty,join_hop_count,tables_used,sql,status,expected_row_count,expected_result_sample
1,"Kho dữ liệu VGP đăng ký bao nhiêu dự án (project_key) theo hợp đồng khóa trung tâm, và có bao nhiêu phân khu (sub-project) bên trong?",EASY,1,dim_project_profile + dim_zone_master,"SELECT (SELECT COUNT(*) FROM dim_project_profile) AS so_du_an, (SELECT COUNT(DISTINCT sub_project_id) FROM dim_zone_master) AS so_phan_khu",OK,1,"[{""so_du_an"": 1, ""so_phan_khu"": 6}]"
2,"Liệt kê tên các phân khu đã bàn giao (construction_status = 'HANDED_OVER'), sắp xếp theo tên. (LƯU Ý: construction_status nay o cap dim_zone_master, KHONG con o dim_project_profile - xem câu #1).",EASY,1,dim_zone_master,SELECT DISTINCT sub_project_name FROM dim_zone_master WHERE construction_status='HANDED_OVER' ORDER BY sub_project_name,OK,5,"[{""sub_project_name"": ""Glory Heights - Vinhomes Grand Park""}, {""sub_project_name"": ""The Beverly - Vinhomes Grand Park""}, {""sub_project_name"": ""The Manhattan - Vinhomes Grand Park""}, {""sub_project_name"": ""The Origami - Vinhomes Grand Park""}, {""sub_project_name"": ""The Rainbow - Vinhomes Grand Park""}]"
3,"Căn hộ nào có diện tích thông thủy (net_area_m2) lớn nhất, diện tích bao nhiêu?",EASY,1,dim_unit_master,"SELECT unit_code, net_area_m2 FROM dim_unit_master ORDER BY net_area_m2 DESC LIMIT 1",OK,1,"[{""unit_code"": ""VGP-U31110"", ""net_area_m2"": 249.9}]"
4,Ngưỡng số ngày tồn kho để một căn bị coi là 'quá hạn bán' (overdue) là bao nhiêu ngày?,EASY,1,semantic_config,SELECT config_value FROM semantic_config WHERE config_key='overdue_threshold_days',OK,1,"[{""config_value"": ""90""}]"
5,"Kỳ MỚI NẠP gần nhất trong bộ dữ liệu là ngày nào, mã snapshot_id là gì? (LƯU Ý: đây là kỳ mới nạp, KHÔNG phải kỳ active dùng để báo cáo - xem câu #32).",EASY,1,snapshot_manifest,"SELECT snapshot_id, snapshot_date FROM snapshot_manifest ORDER BY snapshot_date DESC LIMIT 1",OK,1,"[{""snapshot_id"": ""SNAP-20260929-01"", ""snapshot_date"": ""2026-09-29 00:00:00""}]"
6,"Tại kỳ ACTIVE (2026-06-30), phân khu The Opus One còn bao nhiêu căn ở trạng thái AVAILABLE? (LƯU Ý: join qua zone_key/dim_zone_master, KHONG qua project_key nua vi project_key gio la 1 hang duy nhat cho ca VGP).",MEDIUM,3,fact_unit_inventory_snapshot + dim_zone_master + snapshot_manifest,"SELECT COUNT(*) AS so_can_available FROM fact_unit_inventory_snapshot f JOIN dim_zone_master z ON f.zone_key = z.zone_key WHERE f.snapshot_date_key = (SELECT CAST(REPLACE(CAST(snapshot_date AS VARCHAR),'-','') AS INTEGER) FROM snapshot_manifest WHERE is_active) AND f.inventory_status = 'AVAILABLE' AND z.sub_project_name LIKE 'The Opus One%'",OK,1,"[{""so_can_available"": 705}]"
7,Căn hộ nào đang tồn kho lâu nhất (DOM cao nhất) tại kỳ ACTIVE? Cho biết mã căn và số ngày tồn.,MEDIUM,3,fact_unit_inventory_snapshot + dim_unit_master + snapshot_manifest,"SELECT u.unit_code, f.unsold_days_dom FROM fact_unit_inventory_snapshot f JOIN dim_unit_master u ON f.unit_key = u.unit_key WHERE f.snapshot_date_key = (SELECT CAST(REPLACE(CAST(snapshot_date AS VARCHAR),'-','') AS INTEGER) FROM snapshot_manifest WHERE is_active) AND f.inventory_status = 'AVAILABLE' ORDER BY f.unsold_days_dom DESC LIMIT 1",OK,1,"[{""unit_code"": ""VGP-U30984"", ""unsold_days_dom"": 2265}]"
8,Tính tỷ lệ hấp thụ (% căn SOLD trên tổng số căn) của từng phân khu tại kỳ ACTIVE.,MEDIUM,3,fact_unit_inventory_snapshot + dim_zone_master + snapshot_manifest,"SELECT z.sub_project_name, ROUND(100.0 * SUM(CASE WHEN f.inventory_status='SOLD' THEN 1 ELSE 0 END) / COUNT(*), 2) AS absorption_rate_pct FROM fact_unit_inventory_snapshot f JOIN dim_zone_master z ON f.zone_key = z.zone_key WHERE f.snapshot_date_key = (SELECT CAST(REPLACE(CAST(snapshot_date AS VARCHAR),'-','') AS INTEGER) FROM snapshot_manifest WHERE is_active) GROUP BY z.sub_project_name ORDER BY absorption_rate_pct",OK,6,"[{""sub_project_name"": ""The Opus One - Vinhomes Grand Park"", ""absorption_rate_pct"": 55.1}, {""sub_project_name"": ""The Manhattan - Vinhomes Grand Park"", ""absorption_rate_pct"": 99.64}, {""sub_project_name"": ""The Beverly - Vinhomes Grand Park"", ""absorption_rate_pct"": 99.98}, {""sub_project_name"": ""Glory Heights - Vinhomes Grand Park"", ""absorption_rate_pct"": 100.0}, {""sub_project_name"": ""The Rainbow - Vinhomes Grand Park"", ""absorption_rate_pct"": 100.0}, {""sub_project_name"": ""The Origami - Vinhomes Grand Park"", ""absorption_rate_pct"": 100.0}]"
9,"Đếm số lượng căn được chẩn đoán theo từng mã nguyên nhân cốt lõi (primary_cause_code), sắp xếp giảm dần.",HARD,1,dm_unit_friction_diagnostics,"SELECT primary_cause_code, COUNT(*) AS so_can FROM dm_unit_friction_diagnostics GROUP BY primary_cause_code ORDER BY so_can DESC",OK,9,"[{""primary_cause_code"": ""MULTI_FACTOR_UNCLASSIFIED"", ""so_can"": 761}, {""primary_cause_code"": ""EXTREME_THERMAL_EXPOSURE"", ""so_can"": 646}, {""primary_cause_code"": ""OVERPRICED_VS_PEER"", ""so_can"": 178}, {""primary_cause_code"": ""LUMP_SUM_TICKET_BARRIER"", ""so_can"": 160}, {""primary_cause_code"": ""SEVERE_PHYSICAL_DEFECT"", ""so_can"": 158}, {""primary_cause_code"": ""LOW_SALES_INCENTIVE"", ""so_can"": 133}, {""primary_cause_code"": ""DEEP_FUNNEL_DROP_OFF"", ""so_can"": 92}, {""primary_cause_code"": ""LEGAL_PERMIT_BARRIER"", ""so_can"": 12}] ...(+1 dong nua)"
10,Liệt kê mã căn và tên phân khu của các căn được chẩn đoán nguyên nhân LEGAL_PERMIT_BARRIER.,HARD,1,dm_unit_friction_diagnostics,"SELECT unit_code, project_name FROM dm_unit_friction_diagnostics WHERE primary_cause_code = 'LEGAL_PERMIT_BARRIER'",OK,12,"[{""unit_code"": ""VGP-U30984"", ""project_name"": ""The Manhattan - Vinhomes Grand Park""}, {""unit_code"": ""VGP-U30985"", ""project_name"": ""The Manhattan - Vinhomes Grand Park""}, {""unit_code"": ""VGP-U30984"", ""project_name"": ""The Manhattan - Vinhomes Grand Park""}, {""unit_code"": ""VGP-U30985"", ""project_name"": ""The Manhattan - Vinhomes Grand Park""}, {""unit_code"": ""VGP-U30984"", ""project_name"": ""The Manhattan - Vinhomes Grand Park""}, {""unit_code"": ""VGP-U30985"", ""project_name"": ""The Manhattan - Vinhomes Grand Park""}, {""unit_code"": ""VGP-U30984"", ""project_name"": ""The Manhattan - Vinhomes Grand Park""}, {""unit_code"": ""VGP-U30985"", ""project_name"": ""The Manhattan - Vinhomes Grand Park""}] ...(+4 dong nua)"
11,"Với các căn chẩn đoán LEGAL_PERMIT_BARRIER, phân khu tương ứng có is_bank_guarantee_issued là gì? (LƯU Ý: is_bank_guarantee_issued nay o cap dim_zone_master - dm_unit_friction_diagnostics khong co zone_key truc tiep nen can di qua dim_unit_master).",HARD,3,dm_unit_friction_diagnostics + dim_unit_master + dim_zone_master,"SELECT DISTINCT d.project_name, z.is_bank_guarantee_issued FROM dm_unit_friction_diagnostics d JOIN dim_unit_master u ON d.unit_key = u.unit_key JOIN dim_zone_master z ON u.zone_key = z.zone_key WHERE d.primary_cause_code = 'LEGAL_PERMIT_BARRIER'",OK,1,"[{""project_name"": ""The Manhattan - Vinhomes Grand Park"", ""is_bank_guarantee_issued"": false}]"
12,"Căn hộ nào có điểm phạt khuyết tật vật lý (physical_defect_penalty) cao nhất, và khuyến nghị hành động là gì?",HARD,1,dm_unit_friction_diagnostics,"SELECT unit_code, physical_defect_penalty, recommended_action FROM dm_unit_friction_diagnostics ORDER BY physical_defect_penalty DESC LIMIT 1",OK,1,"[{""unit_code"": ""VGP-U32033"", ""physical_defect_penalty"": 100.0, ""recommended_action"": ""BANK_SUBSIDY_EXTENSION: Tang thoi han ho tro lai suat 0% tu 18 len 36 thang va keo dai an han no goc.""}]"
13,Lãi suất vay thả nổi trung bình theo từng quý của năm 2026 là bao nhiêu?,HARD,2,fact_market_macro_monthly + dim_date,"SELECT d.year, d.quarter, ROUND(AVG(m.floating_mortgage_rate_pct), 2) AS avg_rate FROM fact_market_macro_monthly m JOIN dim_date d ON m.date_key = d.date_key WHERE d.year = 2026 GROUP BY d.year, d.quarter ORDER BY d.quarter",OK,3,"[{""year"": 2026, ""quarter"": 1, ""avg_rate"": 10.7}, {""year"": 2026, ""quarter"": 2, ""avg_rate"": 10.45}, {""year"": 2026, ""quarter"": 3, ""avg_rate"": 10.11}]"
14,"Tỷ lệ hấp thụ thị trường (absorption_rate_pct) ở tháng gần nhất là bao nhiêu, và thay đổi bao nhiêu điểm % so với tháng liền trước?",MEDIUM,1,fact_market_macro_monthly,"SELECT date_key, absorption_rate_pct, absorption_rate_pct - LAG(absorption_rate_pct) OVER (ORDER BY date_key) AS thay_doi FROM fact_market_macro_monthly ORDER BY date_key DESC LIMIT 1",OK,1,"[{""date_key"": 20260930, ""absorption_rate_pct"": 38.2, ""thay_doi"": 4.060000000000002}]"
15,"Tại kỳ ACTIVE, sàn phân phối nào đang khóa giữ (locked_inventory_over_90d) nhiều căn tồn >90 ngày nhất?",HARD,3,fact_sales_channel_performance + dim_sales_channel + snapshot_manifest,"SELECT c.channel_name, SUM(p.locked_inventory_over_90d) AS tong_can_bi_khoa FROM fact_sales_channel_performance p JOIN dim_sales_channel c ON p.channel_key = c.channel_key WHERE p.snapshot_date_key = (SELECT CAST(REPLACE(CAST(snapshot_date AS VARCHAR),'-','') AS INTEGER) FROM snapshot_manifest WHERE is_active) GROUP BY c.channel_name ORDER BY tong_can_bi_khoa DESC LIMIT 1",OK,1,"[{""channel_name"": ""Khai Hoan Land (Platinum Agency)"", ""tong_can_bi_khoa"": 40.0}]"
16,Căn hộ nào đã bị điều chỉnh giảm giá (price_change_pct âm) nhiều lần nhất?,HARD,2,fact_unit_price_history + dim_unit_master,"SELECT u.unit_code, COUNT(*) AS so_lan_giam_gia FROM fact_unit_price_history h JOIN dim_unit_master u ON h.unit_key = u.unit_key WHERE h.price_change_pct < 0 GROUP BY u.unit_code ORDER BY so_lan_giam_gia DESC LIMIT 1",OK,1,"[{""unit_code"": ""VGP-U32428"", ""so_lan_giam_gia"": 4}]"
17,Căn hộ nào có tổng số lượt rút cọc (booking_cancellations) cao nhất trong toàn bộ lịch sử phễu?,HARD,2,fact_sales_funnel_daily + dim_unit_master,"SELECT u.unit_code, SUM(f.booking_cancellations) AS tong_rut_coc FROM fact_sales_funnel_daily f JOIN dim_unit_master u ON f.unit_key = u.unit_key GROUP BY u.unit_code ORDER BY tong_rut_coc DESC LIMIT 1",OK,1,"[{""unit_code"": ""VGP-U33071"", ""tong_rut_coc"": 16.0}]"
18,Công trình hạ tầng nào đang UNDER_CONSTRUCTION có tiến độ thi công (%) cao nhất?,MEDIUM,1,dim_infrastructure_assets,"SELECT infra_name, construction_progress_pct FROM dim_infrastructure_assets WHERE lifecycle_stage='UNDER_CONSTRUCTION' ORDER BY construction_progress_pct DESC LIMIT 1",OK,1,"[{""infra_name"": ""Vanh dai 3 TP.HCM (doan qua TP. Thu Duc)"", ""construction_progress_pct"": 82.5}]"
19,"Đơn giá chào bán trung bình (asking_price_per_m2) tại kỳ ACTIVE của nhóm segment MID_HIGH so với MID là bao nhiêu? (LƯU Ý: segment nay o cap dim_zone_master, KHONG con o dim_project_profile).",MEDIUM,3,fact_unit_inventory_snapshot + dim_zone_master + snapshot_manifest,"SELECT z.segment, ROUND(AVG(f.asking_price_per_m2)) AS gia_binh_quan_m2 FROM fact_unit_inventory_snapshot f JOIN dim_zone_master z ON f.zone_key = z.zone_key WHERE f.snapshot_date_key = (SELECT CAST(REPLACE(CAST(snapshot_date AS VARCHAR),'-','') AS INTEGER) FROM snapshot_manifest WHERE is_active) GROUP BY z.segment ORDER BY z.segment",OK,2,"[{""segment"": ""MID"", ""gia_binh_quan_m2"": 47915607.0}, {""segment"": ""MID_HIGH"", ""gia_binh_quan_m2"": 66058888.0}]"
20,Tòa cao tầng (HIGH_RISE_TOWER) nào có tỷ số căn/thang máy (elevator_ratio) cao nhất?,MEDIUM,1,dim_zone_master,"SELECT zone_name, elevator_ratio FROM dim_zone_master WHERE zone_type='HIGH_RISE_TOWER' ORDER BY elevator_ratio DESC LIMIT 1",OK,1,"[{""zone_name"": ""Toa Beverly 6"", ""elevator_ratio"": 9.7}]"
21,"Đơn giá bán lại thứ cấp trung vị (resale_price_per_m2_vnd) của loại căn 2PN tại Glory Heights là bao nhiêu? (LƯU Ý: project_id nay la hang so 'PRJ-VGP' cho ca VGP - dung sub_project_name/sub_project_id de phan biet phan khu, khong can JOIN dim_project_profile nua).",HARD,1,dim_secondary_market_comps,SELECT MEDIAN(c.resale_price_per_m2_vnd) AS gia_trung_vi_thu_cap FROM dim_secondary_market_comps c WHERE c.sub_project_name LIKE 'Glory Heights%' AND c.unit_type = '2PN',OK,1,"[{""gia_trung_vi_thu_cap"": 62243899.5}]"
22,Tổng giá trị tồn kho sơ cấp (tổng asking_price_vnd của các căn AVAILABLE) tại kỳ ACTIVE là bao nhiêu VND?,MEDIUM,2,fact_unit_inventory_snapshot + snapshot_manifest,"SELECT SUM(asking_price_vnd) AS tong_gia_tri_ton_kho FROM fact_unit_inventory_snapshot WHERE snapshot_date_key = (SELECT CAST(REPLACE(CAST(snapshot_date AS VARCHAR),'-','') AS INTEGER) FROM snapshot_manifest WHERE is_active) AND inventory_status = 'AVAILABLE'",OK,1,"[{""tong_gia_tri_ton_kho"": 4087045100000.0}]"
23,"Với căn được chẩn đoán SECONDARY_ARBITRAGE, cho biết tên tòa và tên phân khu của căn đó.",HARD,1,dm_unit_friction_diagnostics,"SELECT d.unit_code, d.zone_name, d.project_name FROM dm_unit_friction_diagnostics d WHERE d.primary_cause_code = 'SECONDARY_ARBITRAGE'",OK,4,"[{""unit_code"": ""VGP-U32617"", ""zone_name"": ""Toa Opus One 3"", ""project_name"": ""The Opus One - Vinhomes Grand Park""}, {""unit_code"": ""VGP-U32617"", ""zone_name"": ""Toa Opus One 3"", ""project_name"": ""The Opus One - Vinhomes Grand Park""}, {""unit_code"": ""VGP-U32802"", ""zone_name"": ""Toa Opus One 3"", ""project_name"": ""The Opus One - Vinhomes Grand Park""}, {""unit_code"": ""VGP-U32802"", ""zone_name"": ""Toa Opus One 3"", ""project_name"": ""The Opus One - Vinhomes Grand Park""}]"
24,Sàn phân phối nào (channel_tier = 'TIER_1_EXCLUSIVE') đang được giao quản lý nhiều căn nhất tại kỳ ACTIVE?,MEDIUM,3,dim_sales_channel + fact_unit_inventory_snapshot + snapshot_manifest,"SELECT c.channel_name, COUNT(*) AS so_can FROM fact_unit_inventory_snapshot f JOIN dim_sales_channel c ON f.channel_key = c.channel_key WHERE f.snapshot_date_key = (SELECT CAST(REPLACE(CAST(snapshot_date AS VARCHAR),'-','') AS INTEGER) FROM snapshot_manifest WHERE is_active) AND c.channel_tier = 'TIER_1_EXCLUSIVE' GROUP BY c.channel_name ORDER BY so_can DESC LIMIT 1",OK,1,"[{""channel_name"": ""Dong Tay Land (Platinum Plus Agency)"", ""so_can"": 8541}]"
25,Có bao nhiêu căn đã từng bị đổi sàn phân phối (có 2 giai đoạn phụ trách trở lên) trong lịch sử?,MEDIUM,2,bridge_unit_channel_history + dim_sales_channel,SELECT COUNT(*) AS so_can_doi_san FROM ( SELECT unit_key FROM bridge_unit_channel_history GROUP BY unit_key HAVING COUNT(*) > 1 ),OK,1,"[{""so_can_doi_san"": 3356}]"
26,Liệt kê 5 căn có nhiều giai đoạn đổi sàn phân phối nhất (số dòng bridge nhiều nhất).,HARD,2,bridge_unit_channel_history + dim_unit_master,"SELECT u.unit_code, COUNT(*) AS so_giai_doan FROM bridge_unit_channel_history b JOIN dim_unit_master u ON b.unit_key = u.unit_key GROUP BY u.unit_code ORDER BY so_giai_doan DESC LIMIT 5",OK,5,"[{""unit_code"": ""VGP-U00129"", ""so_giai_doan"": 2}, {""unit_code"": ""VGP-U00040"", ""so_giai_doan"": 2}, {""unit_code"": ""VGP-U00213"", ""so_giai_doan"": 2}, {""unit_code"": ""VGP-U00184"", ""so_giai_doan"": 2}, {""unit_code"": ""VGP-U00214"", ""so_giai_doan"": 2}]"
27,"Theo mô hình attribution LINEAR, tổng trọng số đóng góp (attribution_weight) vào các giao dịch đã bán quy về từng sàn phân phối là bao nhiêu? Sắp xếp giảm dần.",HARD,2,fact_funnel_attribution + dim_sales_channel,"SELECT c.channel_name, ROUND(SUM(a.attribution_weight), 1) AS tong_trong_so_dong_gop FROM fact_funnel_attribution a JOIN dim_sales_channel c ON a.channel_key = c.channel_key GROUP BY c.channel_name ORDER BY tong_trong_so_dong_gop DESC",OK,5,"[{""channel_name"": ""Vinhomes Sales - Doi ban hang noi bo"", ""tong_trong_so_dong_gop"": 381.3}, {""channel_name"": ""Dong Tay Land (Platinum Plus Agency)"", ""tong_trong_so_dong_gop"": 379.7}, {""channel_name"": ""Khai Hoan Land (Platinum Agency)"", ""tong_trong_so_dong_gop"": 353.8}, {""channel_name"": ""Saigon Real (Dat Xanh South)"", ""tong_trong_so_dong_gop"": 234.8}, {""channel_name"": ""Dai ly phan phoi thu cap A (mock)"", ""tong_trong_so_dong_gop"": 142.3}]"
28,Căn hộ nào có số touchpoint được gán attribution (đóng góp vào việc bán thành công) nhiều nhất?,HARD,3,fact_funnel_attribution + fact_sales_funnel_daily + dim_unit_master,"SELECT u.unit_code, COUNT(*) AS so_touchpoint_duoc_gan FROM fact_funnel_attribution a JOIN dim_unit_master u ON a.unit_key = u.unit_key GROUP BY u.unit_code ORDER BY so_touchpoint_duoc_gan DESC LIMIT 1",OK,1,"[{""unit_code"": ""VGP-U32126"", ""so_touchpoint_duoc_gan"": 30}]"
29,[dbt mart] Sàn phân phối nào có tổng trọng số đóng góp attribution (total_attribution_weight) cao nhất?,MEDIUM,1,mart_channel_attribution_performance (dbt mart),"SELECT channel_name, total_attribution_weight FROM mart_channel_attribution_performance ORDER BY total_attribution_weight DESC LIMIT 1",OK,1,"[{""channel_name"": ""Vinhomes Sales - Doi ban hang noi bo"", ""total_attribution_weight"": 381.35}]"
30,"[dbt mart] Tỷ lệ chuyển đổi (conversion_rate_pct) của từng sàn phân phối là bao nhiêu, sắp xếp giảm dần?",MEDIUM,1,mart_channel_attribution_performance (dbt mart),"SELECT channel_name, channel_tier, conversion_rate_pct FROM mart_channel_attribution_performance ORDER BY conversion_rate_pct DESC",OK,5,"[{""channel_name"": ""Vinhomes Sales - Doi ban hang noi bo"", ""channel_tier"": ""INHOUSE"", ""conversion_rate_pct"": 4.65}, {""channel_name"": ""Saigon Real (Dat Xanh South)"", ""channel_tier"": ""TIER_2_GENERAL"", ""conversion_rate_pct"": 4.57}, {""channel_name"": ""Dong Tay Land (Platinum Plus Agency)"", ""channel_tier"": ""TIER_1_EXCLUSIVE"", ""conversion_rate_pct"": 4.43}, {""channel_name"": ""Khai Hoan Land (Platinum Agency)"", ""channel_tier"": ""TIER_1_EXCLUSIVE"", ""conversion_rate_pct"": 4.29}, {""channel_name"": ""Dai ly phan phoi thu cap A (mock)"", ""channel_tier"": ""TIER_2_GENERAL"", ""conversion_rate_pct"": 4.01}]"
31,[dbt mart] Sàn nào đang giữ độc quyền (exclusive_assignments_count) nhiều căn nhất nhưng lại có tỷ lệ chuyển đổi thấp nhất trong nhóm TIER_1_EXCLUSIVE?,HARD,1,mart_channel_attribution_performance (dbt mart),"SELECT channel_name, exclusive_assignments_count, conversion_rate_pct FROM mart_channel_attribution_performance WHERE channel_tier = 'TIER_1_EXCLUSIVE' ORDER BY conversion_rate_pct ASC LIMIT 1",OK,1,"[{""channel_name"": ""Khai Hoan Land (Platinum Agency)"", ""exclusive_assignments_count"": 8981, ""conversion_rate_pct"": 4.29}]"
32,"Kỳ nào đang được đánh dấu ACTIVE (chính thức dùng để báo cáo), và có bao nhiêu kỳ đã nạp sau đó nhưng chưa chính thức active?",MEDIUM,1,snapshot_manifest,"SELECT (SELECT snapshot_id FROM snapshot_manifest WHERE is_active) AS active_snapshot_id, (SELECT snapshot_date FROM snapshot_manifest WHERE is_active) AS active_snapshot_date, (SELECT COUNT(*) FROM snapshot_manifest WHERE snapshot_date > (SELECT snapshot_date FROM snapshot_manifest WHERE is_active) ) AS so_ky_da_nap_nhung_chua_active",OK,1,"[{""active_snapshot_id"": ""SNAP-20260630-01"", ""active_snapshot_date"": ""2026-06-30 00:00:00"", ""so_ky_da_nap_nhung_chua_active"": 3}]"
