snapshot_date_key,channel_key,project_key,assigned_units_count,sold_units_count,absorption_rate_pct,avg_days_to_sell,locked_inventory_over_90d
20260106,40001,400,1534,1144,74.58,791,0
20260106,40002,400,996,534,53.61,796,354
20260106,40003,400,703,509,72.4,770,141
20260106,40004,400,737,532,72.18,782,0
20260106,40005,400,605,434,71.74,804,0
20260106,40006,400,395,290,73.42,770,0
20260113,40001,400,1534,1145,74.64,791,0
20260113,40002,400,996,535,53.71,797,353
20260113,40003,400,703,510,72.55,770,137
20260113,40004,400,737,532,72.18,782,0
20260113,40005,400,605,434,71.74,804,0
20260113,40006,400,395,291,73.67,772,0
20260120,40001,400,1534,1151,75.03,792,0
20260120,40002,400,996,537,53.92,798,349
20260120,40003,400,703,514,73.12,772,131
20260120,40004,400,737,537,72.86,784,0
20260120,40005,400,605,439,72.56,813,0
20260120,40006,400,395,292,73.92,774,0
20260127,40001,400,1534,1156,75.36,794,0
20260127,40002,400,996,539,54.12,802,347
20260127,40003,400,703,520,73.97,780,128
20260127,40004,400,737,541,73.41,787,0
20260127,40005,400,605,442,73.06,817,0
20260127,40006,400,395,294,74.43,779,0
20260203,40001,400,1534,1168,76.14,800,0
20260203,40002,400,996,545,54.72,813,344
20260203,40003,400,703,527,74.96,783,128
20260203,40004,400,737,544,73.81,788,0
20260203,40005,400,605,446,73.72,819,0
20260203,40006,400,395,294,74.43,779,0
20260210,40001,400,1534,1177,76.73,804,0
20260210,40002,400,996,548,55.02,816,342
20260210,40003,400,703,530,75.39,786,127
20260210,40004,400,737,548,74.36,792,0
20260210,40005,400,605,449,74.21,826,0
20260210,40006,400,395,296,74.94,783,0
20260217,40001,400,1534,1185,77.25,808,0
20260217,40002,400,996,551,55.32,819,341
20260217,40003,400,703,531,75.53,787,125
20260217,40004,400,737,551,74.76,794,0
20260217,40005,400,605,452,74.71,831,0
20260217,40006,400,395,300,75.95,783,0
20260224,40001,400,1534,1188,77.44,810,0
20260224,40002,400,996,556,55.82,827,337
20260224,40003,400,703,533,75.82,790,121
20260224,40004,400,737,555,75.31,799,0
20260224,40005,400,605,454,75.04,832,0
20260224,40006,400,395,301,76.2,784,0
20260303,40001,400,1534,1201,78.29,817,0
20260303,40002,400,996,557,55.92,828,334
20260303,40003,400,703,535,76.1,793,118
20260303,40004,400,737,559,75.85,801,0
20260303,40005,400,605,457,75.54,834,0
20260303,40006,400,395,302,76.46,788,0
20260310,40001,400,1534,1213,79.07,822,0
20260310,40002,400,996,563,56.53,837,329
20260310,40003,400,703,540,76.81,802,113
20260310,40004,400,737,562,76.26,802,0
20260310,40005,400,605,459,75.87,834,0
20260310,40006,400,395,305,77.22,792,0
20260317,40001,400,1534,1215,79.2,824,0
20260317,40002,400,996,567,56.93,842,328
20260317,40003,400,703,543,77.24,807,111
20260317,40004,400,737,566,76.8,806,0
20260317,40005,400,605,464,76.69,841,0
20260317,40006,400,395,309,78.23,800,0
20260324,40001,400,1534,1217,79.34,825,0
20260324,40002,400,996,572,57.43,848,324
20260324,40003,400,703,549,78.09,812,109
20260324,40004,400,737,570,77.34,808,0
20260324,40005,400,606,473,78.05,851,0
20260324,40006,400,395,313,79.24,808,0
20260331,40001,400,1534,1227,79.99,831,0
20260331,40002,400,997,574,57.57,849,321
20260331,40003,400,703,552,78.52,817,102
20260331,40004,400,737,571,77.48,810,0
20260331,40005,400,607,477,78.58,854,0
20260331,40006,400,395,313,79.24,808,0
20260407,40001,400,1534,1235,80.51,836,0
20260407,40002,400,998,579,58.02,855,317
20260407,40003,400,703,557,79.23,823,99
20260407,40004,400,737,576,78.15,812,0
20260407,40005,400,607,481,79.24,858,0
20260407,40006,400,396,314,79.29,809,0
20260414,40001,400,1534,1247,81.29,839,0
20260414,40002,400,998,583,58.42,860,314
20260414,40003,400,703,564,80.23,830,97
20260414,40004,400,737,581,78.83,817,0
20260414,40005,400,607,485,79.9,863,0
20260414,40006,400,396,316,79.8,812,0
20260421,40001,400,1534,1251,81.55,840,0
20260421,40002,400,998,588,58.92,867,308
20260421,40003,400,703,567,80.65,832,93
20260421,40004,400,737,584,79.24,821,0
20260421,40005,400,607,489,80.56,868,0
20260421,40006,400,396,318,80.3,818,0
20260428,40001,400,1534,1261,82.2,846,0
20260428,40002,400,998,594,59.52,873,307
20260428,40003,400,703,570,81.08,834,90
20260428,40004,400,737,586,79.51,821,0
20260428,40005,400,607,493,81.22,876,0
20260428,40006,400,396,320,80.81,824,0
20260505,40001,400,1534,1269,82.72,851,0
20260505,40002,400,998,601,60.22,879,303
20260505,40003,400,703,575,81.79,835,87
20260505,40004,400,737,591,80.19,825,0
20260505,40005,400,607,500,82.37,884,0
20260505,40006,400,396,324,81.82,832,0
20260512,40001,400,1564,1279,81.78,857,0
20260512,40002,400,1028,602,58.56,879,297
20260512,40003,400,718,580,80.78,841,83
20260512,40004,400,754,595,78.91,831,0
20260512,40005,400,624,504,80.77,889,0
20260512,40006,400,406,325,80.05,835,0
20260519,40001,400,1564,1284,82.1,860,0
20260519,40002,400,1028,606,58.95,884,295
20260519,40003,400,718,583,81.2,846,79
20260519,40004,400,754,597,79.18,834,0
20260519,40005,400,624,507,81.25,893,0
20260519,40006,400,406,333,82.02,845,0
20260526,40001,400,1564,1292,82.61,862,0
20260526,40002,400,1028,614,59.73,895,291
20260526,40003,400,718,587,81.75,851,76
20260526,40004,400,754,601,79.71,840,0
20260526,40005,400,624,511,81.89,898,0
20260526,40006,400,406,337,83.0,858,0
20260602,40001,400,1564,1306,83.5,866,0
20260602,40002,400,1028,617,60.02,897,288
20260602,40003,400,718,592,82.45,856,75
20260602,40004,400,754,603,79.97,842,0
20260602,40005,400,624,513,82.21,898,0
20260602,40006,400,406,339,83.5,862,0
20260609,40001,400,1564,1314,84.02,870,0
20260609,40002,400,1028,623,60.6,901,288
20260609,40003,400,718,596,83.01,860,68
20260609,40004,400,754,607,80.5,844,0
20260609,40005,400,624,514,82.37,900,0
20260609,40006,400,406,340,83.74,865,0
20260616,40001,400,1564,1323,84.59,872,0
20260616,40002,400,1028,627,60.99,906,284
20260616,40003,400,718,597,83.15,861,68
20260616,40004,400,754,610,80.9,847,0
20260616,40005,400,624,519,83.17,900,0
20260616,40006,400,406,342,84.24,865,0
20260623,40001,400,1564,1332,85.17,876,0
20260623,40002,400,1028,627,60.99,906,281
20260623,40003,400,718,607,84.54,874,66
20260623,40004,400,754,617,81.83,855,0
20260623,40005,400,624,525,84.13,906,0
20260623,40006,400,406,343,84.48,863,0
20260630,40001,400,1564,1342,85.81,879,0
20260630,40002,400,1028,631,61.38,912,282
20260630,40003,400,718,607,84.54,874,66
20260630,40004,400,754,623,82.63,863,0
20260630,40005,400,624,528,84.62,910,0
20260630,40006,400,406,345,84.98,867,0
