price_event_id,unit_key,effective_date_key,old_asking_price_vnd,new_asking_price_vnd,price_change_pct,change_reason
1,101442,20260412,4196389000,4017415716,-4.26,STIMULATE_SLOW_MOVING
2,101445,20260428,7002029000,6470310841,-7.59,STIMULATE_SLOW_MOVING
3,101448,20260508,2918983000,2955830980,1.26,CAMPAIGN
4,101451,20260410,4887978000,4990761532,2.1,CAMPAIGN
5,101453,20260529,8821074000,8302161744,-5.88,STIMULATE_SLOW_MOVING
6,101454,20260504,2582639000,2432927933,-5.8,STIMULATE_SLOW_MOVING
7,101455,20260507,4170367000,4285021047,2.75,CAMPAIGN
8,101457,20260613,7596666000,7460842414,-1.79,STIMULATE_SLOW_MOVING
9,101458,20260417,5318918000,5357106465,0.72,CAMPAIGN
10,101465,20260517,5043863000,4855240810,-3.74,STIMULATE_SLOW_MOVING
11,101469,20260421,6348910000,6389264111,0.64,CAMPAIGN
12,101470,20260510,4827636000,4573042993,-5.27,STIMULATE_SLOW_MOVING
13,101704,20260506,1851442000,1850629215,-0.04,STIMULATE_SLOW_MOVING
14,101706,20260508,3243734000,3103397011,-4.33,STIMULATE_SLOW_MOVING
15,101717,20260409,4680040000,4585443533,-2.02,STIMULATE_SLOW_MOVING
16,101718,20260405,6800784000,6376017341,-6.25,STIMULATE_SLOW_MOVING
17,101721,20260503,4439964000,4509266403,1.56,CAMPAIGN
18,101724,20260604,2945954000,3000798880,1.86,CAMPAIGN
19,101725,20260507,5652524000,5427579312,-3.98,STIMULATE_SLOW_MOVING
20,101726,20260513,3155220000,2978235159,-5.61,STIMULATE_SLOW_MOVING
21,101727,20260621,4807200000,4710190501,-2.02,STIMULATE_SLOW_MOVING
22,101728,20260623,3533101000,3491189255,-1.19,STIMULATE_SLOW_MOVING
23,101730,20260629,1871068000,1795851782,-4.02,STIMULATE_SLOW_MOVING
