adjustment_id,unit_id,policy_type,policy_value_desc,effective_from,effective_to,dom_at_intervention,days_to_liquidation,is_liquidated,is_active
pol_000001,U01441,COMMISSION_BUMP,Chiet khau them 3% cho khach thanh toan som,2026-03-01,,334,,False,True
pol_000002,U01442,COMMISSION_BUMP,Chiet khau them 3% cho khach thanh toan som,2026-03-01,,166,,False,True
pol_000003,U01443,DIRECT_DISCOUNT,Chiet khau them 3% cho khach thanh toan som,2026-03-01,,309,,False,True
pol_000004,U01444,DIRECT_DISCOUNT,Chiet khau them 3% cho khach thanh toan som,2026-03-01,,242,,False,True
pol_000005,U01445,COMMISSION_BUMP,Chiet khau them 3% cho khach thanh toan som,2026-03-01,,375,,False,True
pol_000006,U01446,FURNITURE_PACKAGE,Chiet khau them 3% cho khach thanh toan som,2026-03-01,,243,,False,True
pol_000007,U01447,COMMISSION_BUMP,Chiet khau them 3% cho khach thanh toan som,2026-03-01,,259,,False,True
pol_000008,U01448,COMMISSION_BUMP,Chiet khau them 3% cho khach thanh toan som,2026-03-01,,295,,False,True
pol_000009,U01449,FURNITURE_PACKAGE,Chiet khau them 3% cho khach thanh toan som,2026-03-01,,385,,False,True
pol_000010,U01450,DIRECT_DISCOUNT,Chiet khau them 3% cho khach thanh toan som,2026-03-01,,203,,False,True
pol_000011,U01451,DIRECT_DISCOUNT,Chiet khau them 3% cho khach thanh toan som,2026-03-01,,325,,False,True
pol_000012,U01452,COMMISSION_BUMP,Chiet khau them 3% cho khach thanh toan som,2026-03-01,,277,,False,True
pol_000013,U01453,FURNITURE_PACKAGE,Chiet khau them 3% cho khach thanh toan som,2026-03-01,,273,,False,True
pol_000014,U01454,DIRECT_DISCOUNT,Chiet khau them 3% cho khach thanh toan som,2026-03-01,,133,,False,True
pol_000015,U01455,DIRECT_DISCOUNT,Chiet khau them 3% cho khach thanh toan som,2026-03-01,,312,,False,True
pol_000016,U01456,COMMISSION_BUMP,Chiet khau them 3% cho khach thanh toan som,2026-03-01,,325,,False,True
pol_000017,U01457,FURNITURE_PACKAGE,Chiet khau them 3% cho khach thanh toan som,2026-03-01,,387,,False,True
pol_000018,U01458,FURNITURE_PACKAGE,Chiet khau them 3% cho khach thanh toan som,2026-03-01,,368,,False,True
pol_000019,U01459,COMMISSION_BUMP,Chiet khau them 3% cho khach thanh toan som,2026-03-01,,194,,False,True
pol_000020,U01460,DIRECT_DISCOUNT,Chiet khau them 3% cho khach thanh toan som,2026-03-01,,393,,False,True
pol_000021,U01461,DIRECT_DISCOUNT,Chiet khau them 3% cho khach thanh toan som,2026-03-01,,383,,False,True
pol_000022,U01462,DIRECT_DISCOUNT,Chiet khau them 3% cho khach thanh toan som,2026-03-01,,131,,False,True
pol_000023,U01463,FURNITURE_PACKAGE,Chiet khau them 3% cho khach thanh toan som,2026-03-01,,237,,False,True
pol_000024,U01464,FURNITURE_PACKAGE,Chiet khau them 3% cho khach thanh toan som,2026-03-01,,386,,False,True
pol_000025,U01465,COMMISSION_BUMP,Chiet khau them 3% cho khach thanh toan som,2026-03-01,,142,,False,True
pol_000026,U01466,DIRECT_DISCOUNT,Chiet khau them 3% cho khach thanh toan som,2026-03-01,,392,,False,True
pol_000027,U01467,DIRECT_DISCOUNT,Chiet khau them 3% cho khach thanh toan som,2026-03-01,,398,,False,True
pol_000028,U01468,FURNITURE_PACKAGE,Chiet khau them 3% cho khach thanh toan som,2026-03-01,,132,,False,True
pol_000029,U01469,DIRECT_DISCOUNT,Chiet khau them 3% cho khach thanh toan som,2026-03-01,,160,,False,True
pol_000030,U01470,DIRECT_DISCOUNT,Chiet khau them 3% cho khach thanh toan som,2026-03-01,,246,,False,True
pol_000031,U01701,DIRECT_DISCOUNT,Chiet khau them 3% cho khach thanh toan som,2026-03-01,,307,,False,True
pol_000032,U01702,FURNITURE_PACKAGE,Chiet khau them 3% cho khach thanh toan som,2026-03-01,,391,,False,True
pol_000033,U01703,DIRECT_DISCOUNT,Chiet khau them 3% cho khach thanh toan som,2026-03-01,,172,,False,True
pol_000034,U01704,DIRECT_DISCOUNT,Chiet khau them 3% cho khach thanh toan som,2026-03-01,,357,,False,True
pol_000035,U01705,COMMISSION_BUMP,Chiet khau them 3% cho khach thanh toan som,2026-03-01,,216,,False,True
pol_000036,U01706,DIRECT_DISCOUNT,Chiet khau them 3% cho khach thanh toan som,2026-03-01,,321,,False,True
pol_000037,U01707,DIRECT_DISCOUNT,Chiet khau them 3% cho khach thanh toan som,2026-03-01,,256,,False,True
pol_000038,U01708,COMMISSION_BUMP,Chiet khau them 3% cho khach thanh toan som,2026-03-01,,320,,False,True
pol_000039,U01709,DIRECT_DISCOUNT,Chiet khau them 3% cho khach thanh toan som,2026-03-01,,194,,False,True
pol_000040,U01710,FURNITURE_PACKAGE,Chiet khau them 3% cho khach thanh toan som,2026-03-01,,351,,False,True
pol_000041,U01711,DIRECT_DISCOUNT,Chiet khau them 3% cho khach thanh toan som,2026-03-01,,220,,False,True
pol_000042,U01712,COMMISSION_BUMP,Chiet khau them 3% cho khach thanh toan som,2026-03-01,,171,,False,True
pol_000043,U01713,FURNITURE_PACKAGE,Chiet khau them 3% cho khach thanh toan som,2026-03-01,,257,,False,True
pol_000044,U01714,COMMISSION_BUMP,Chiet khau them 3% cho khach thanh toan som,2026-03-01,,269,,False,True
pol_000045,U01715,FURNITURE_PACKAGE,Chiet khau them 3% cho khach thanh toan som,2026-03-01,,160,,False,True
pol_000046,U01716,COMMISSION_BUMP,Chiet khau them 3% cho khach thanh toan som,2026-03-01,,355,,False,True
pol_000047,U01717,DIRECT_DISCOUNT,Chiet khau them 3% cho khach thanh toan som,2026-03-01,,298,,False,True
pol_000048,U01718,DIRECT_DISCOUNT,Chiet khau them 3% cho khach thanh toan som,2026-03-01,,257,,False,True
pol_000049,U01719,DIRECT_DISCOUNT,Chiet khau them 3% cho khach thanh toan som,2026-03-01,,385,,False,True
pol_000050,U01720,DIRECT_DISCOUNT,Chiet khau them 3% cho khach thanh toan som,2026-03-01,,215,,False,True
pol_000051,U01721,DIRECT_DISCOUNT,Chiet khau them 3% cho khach thanh toan som,2026-03-01,,233,,False,True
pol_000052,U01722,COMMISSION_BUMP,Chiet khau them 3% cho khach thanh toan som,2026-03-01,,223,,False,True
pol_000053,U01723,COMMISSION_BUMP,Chiet khau them 3% cho khach thanh toan som,2026-03-01,,197,,False,True
pol_000054,U01724,DIRECT_DISCOUNT,Chiet khau them 3% cho khach thanh toan som,2026-03-01,,383,,False,True
pol_000055,U01725,COMMISSION_BUMP,Chiet khau them 3% cho khach thanh toan som,2026-03-01,,337,,False,True
pol_000056,U01726,FURNITURE_PACKAGE,Chiet khau them 3% cho khach thanh toan som,2026-03-01,,253,,False,True
pol_000057,U01727,FURNITURE_PACKAGE,Chiet khau them 3% cho khach thanh toan som,2026-03-01,,244,,False,True
pol_000058,U01728,DIRECT_DISCOUNT,Chiet khau them 3% cho khach thanh toan som,2026-03-01,,341,,False,True
pol_000059,U01729,FURNITURE_PACKAGE,Chiet khau them 3% cho khach thanh toan som,2026-03-01,,349,,False,True
pol_000060,U01730,DIRECT_DISCOUNT,Chiet khau them 3% cho khach thanh toan som,2026-03-01,,124,,False,True
