objection_id,showing_id,unit_id,objection_category,specific_reason,severity,competitor_alternative,created_at
obj_000001,shw_000001,U00001,LAYOUT_DESIGN,Phong ngu khong co cua so truc tiep,CRITICAL,,2026-06-28T12:00:00+07:00
obj_000002,shw_000002,U00001,LAYOUT_DESIGN,Phong ngu khong co cua so truc tiep,CRITICAL,,2026-04-29T12:00:00+07:00
obj_000003,shw_000003,U00002,LAYOUT_DESIGN,Phong ngu khong co cua so truc tiep,CRITICAL,,2026-04-07T12:00:00+07:00
obj_000004,shw_000004,U00002,LAYOUT_DESIGN,Phong ngu khong co cua so truc tiep,CRITICAL,,2026-05-21T12:00:00+07:00
obj_000005,shw_000005,U00002,LAYOUT_DESIGN,Phong ngu khong co cua so truc tiep,CRITICAL,,2026-06-13T12:00:00+07:00
obj_000006,shw_000009,U00005,LAYOUT_DESIGN,Phong ngu khong co cua so truc tiep,CRITICAL,,2026-04-09T12:00:00+07:00
obj_000007,shw_000010,U00005,LAYOUT_DESIGN,Phong ngu khong co cua so truc tiep,CRITICAL,,2026-04-07T12:00:00+07:00
obj_000008,shw_000011,U00005,LAYOUT_DESIGN,Phong ngu khong co cua so truc tiep,CRITICAL,,2026-04-02T12:00:00+07:00
obj_000009,shw_000013,U00006,LAYOUT_DESIGN,Phong ngu khong co cua so truc tiep,CRITICAL,,2026-06-26T12:00:00+07:00
obj_000010,shw_000014,U00006,LAYOUT_DESIGN,Phong ngu khong co cua so truc tiep,CRITICAL,,2026-04-05T12:00:00+07:00
obj_000011,shw_000016,U00007,LAYOUT_DESIGN,Phong ngu khong co cua so truc tiep,CRITICAL,,2026-05-29T12:00:00+07:00
obj_000012,shw_000018,U00008,LAYOUT_DESIGN,Phong ngu khong co cua so truc tiep,CRITICAL,,2026-04-27T12:00:00+07:00
obj_000013,shw_000019,U00009,LAYOUT_DESIGN,Phong ngu khong co cua so truc tiep,CRITICAL,,2026-06-12T12:00:00+07:00
obj_000014,shw_000020,U00010,LAYOUT_DESIGN,Phong ngu khong co cua so truc tiep,CRITICAL,,2026-05-05T12:00:00+07:00
obj_000015,shw_000021,U00010,LAYOUT_DESIGN,Phong ngu khong co cua so truc tiep,CRITICAL,,2026-06-17T12:00:00+07:00
obj_000016,shw_000022,U00011,LAYOUT_DESIGN,Phong ngu khong co cua so truc tiep,CRITICAL,,2026-05-28T12:00:00+07:00
obj_000017,shw_000023,U00011,LAYOUT_DESIGN,Phong ngu khong co cua so truc tiep,CRITICAL,,2026-05-12T12:00:00+07:00
obj_000018,shw_000024,U00011,LAYOUT_DESIGN,Phong ngu khong co cua so truc tiep,CRITICAL,,2026-05-26T12:00:00+07:00
obj_000019,shw_000025,U00012,LAYOUT_DESIGN,Phong ngu khong co cua so truc tiep,CRITICAL,,2026-05-27T12:00:00+07:00
obj_000020,shw_000027,U00012,LAYOUT_DESIGN,Phong ngu khong co cua so truc tiep,CRITICAL,,2026-06-04T12:00:00+07:00
obj_000021,shw_000028,U00013,LAYOUT_DESIGN,Phong ngu khong co cua so truc tiep,CRITICAL,,2026-06-20T12:00:00+07:00
obj_000022,shw_000030,U00014,LAYOUT_DESIGN,Phong ngu khong co cua so truc tiep,CRITICAL,,2026-05-31T12:00:00+07:00
obj_000023,shw_000031,U00014,LAYOUT_DESIGN,Phong ngu khong co cua so truc tiep,CRITICAL,,2026-05-15T12:00:00+07:00
obj_000024,shw_000032,U00015,LAYOUT_DESIGN,Phong ngu khong co cua so truc tiep,CRITICAL,,2026-04-19T12:00:00+07:00
obj_000025,shw_000033,U00015,LAYOUT_DESIGN,Phong ngu khong co cua so truc tiep,CRITICAL,,2026-04-03T12:00:00+07:00
obj_000026,shw_000034,U00016,LAYOUT_DESIGN,Phong ngu khong co cua so truc tiep,CRITICAL,,2026-06-08T12:00:00+07:00
obj_000027,shw_000035,U00017,LAYOUT_DESIGN,Phong ngu khong co cua so truc tiep,CRITICAL,,2026-04-18T12:00:00+07:00
obj_000028,shw_000036,U00018,LAYOUT_DESIGN,Phong ngu khong co cua so truc tiep,CRITICAL,,2026-04-17T12:00:00+07:00
obj_000029,shw_000038,U00020,LAYOUT_DESIGN,Phong ngu khong co cua so truc tiep,CRITICAL,,2026-06-09T12:00:00+07:00
obj_000030,shw_000040,U00021,LAYOUT_DESIGN,Phong ngu khong co cua so truc tiep,CRITICAL,,2026-05-03T12:00:00+07:00
obj_000031,shw_000042,U00022,LAYOUT_DESIGN,Phong ngu khong co cua so truc tiep,CRITICAL,,2026-06-19T12:00:00+07:00
obj_000032,shw_000043,U00022,LAYOUT_DESIGN,Phong ngu khong co cua so truc tiep,CRITICAL,,2026-06-15T12:00:00+07:00
obj_000033,shw_000046,U00024,LAYOUT_DESIGN,Phong ngu khong co cua so truc tiep,CRITICAL,,2026-06-08T12:00:00+07:00
obj_000034,shw_000047,U00024,LAYOUT_DESIGN,Phong ngu khong co cua so truc tiep,CRITICAL,,2026-05-20T12:00:00+07:00
obj_000035,shw_000048,U00024,LAYOUT_DESIGN,Phong ngu khong co cua so truc tiep,CRITICAL,,2026-05-25T12:00:00+07:00
obj_000036,shw_000050,U00025,LAYOUT_DESIGN,Phong ngu khong co cua so truc tiep,CRITICAL,,2026-04-16T12:00:00+07:00
obj_000037,shw_000051,U00025,LAYOUT_DESIGN,Phong ngu khong co cua so truc tiep,CRITICAL,,2026-06-23T12:00:00+07:00
obj_000038,shw_000052,U00026,LAYOUT_DESIGN,Phong ngu khong co cua so truc tiep,CRITICAL,,2026-04-03T12:00:00+07:00
obj_000039,shw_000053,U00026,LAYOUT_DESIGN,Phong ngu khong co cua so truc tiep,CRITICAL,,2026-04-14T12:00:00+07:00
obj_000040,shw_000054,U00026,LAYOUT_DESIGN,Phong ngu khong co cua so truc tiep,CRITICAL,,2026-05-17T12:00:00+07:00
obj_000041,shw_000056,U00027,LAYOUT_DESIGN,Phong ngu khong co cua so truc tiep,CRITICAL,,2026-05-27T12:00:00+07:00
obj_000042,shw_000058,U00028,LAYOUT_DESIGN,Phong ngu khong co cua so truc tiep,CRITICAL,,2026-05-27T12:00:00+07:00
obj_000043,shw_000059,U00029,LAYOUT_DESIGN,Phong ngu khong co cua so truc tiep,CRITICAL,,2026-04-15T12:00:00+07:00
obj_000044,shw_000060,U00029,LAYOUT_DESIGN,Phong ngu khong co cua so truc tiep,CRITICAL,,2026-05-20T12:00:00+07:00
obj_000045,shw_000063,U00030,LAYOUT_DESIGN,Phong ngu khong co cua so truc tiep,CRITICAL,,2026-05-13T12:00:00+07:00
obj_000046,shw_000356,U00402,VIEW_ENVIRONMENT,Nang Tay gay gat vao buoi chieu,MODERATE,,2026-05-05T12:00:00+07:00
obj_000047,shw_000357,U00403,VIEW_ENVIRONMENT,Nang Tay gay gat vao buoi chieu,MODERATE,,2026-05-06T12:00:00+07:00
obj_000048,shw_000361,U00405,VIEW_ENVIRONMENT,Nang Tay gay gat vao buoi chieu,MODERATE,,2026-05-09T12:00:00+07:00
obj_000049,shw_000363,U00405,VIEW_ENVIRONMENT,Nang Tay gay gat vao buoi chieu,MODERATE,,2026-06-24T12:00:00+07:00
obj_000050,shw_000365,U00406,VIEW_ENVIRONMENT,Nang Tay gay gat vao buoi chieu,MODERATE,,2026-04-16T12:00:00+07:00
obj_000051,shw_000366,U00407,VIEW_ENVIRONMENT,Nang Tay gay gat vao buoi chieu,MODERATE,,2026-06-03T12:00:00+07:00
obj_000052,shw_000367,U00407,VIEW_ENVIRONMENT,Nang Tay gay gat vao buoi chieu,MODERATE,,2026-06-10T12:00:00+07:00
obj_000053,shw_000368,U00407,VIEW_ENVIRONMENT,Nang Tay gay gat vao buoi chieu,MODERATE,,2026-04-03T12:00:00+07:00
obj_000054,shw_000369,U00408,VIEW_ENVIRONMENT,Nang Tay gay gat vao buoi chieu,MODERATE,,2026-06-21T12:00:00+07:00
obj_000055,shw_000370,U00408,VIEW_ENVIRONMENT,Nang Tay gay gat vao buoi chieu,MODERATE,,2026-04-21T12:00:00+07:00
obj_000056,shw_000374,U00410,VIEW_ENVIRONMENT,Nang Tay gay gat vao buoi chieu,MODERATE,,2026-06-24T12:00:00+07:00
obj_000057,shw_000377,U00411,VIEW_ENVIRONMENT,Nang Tay gay gat vao buoi chieu,MODERATE,,2026-06-25T12:00:00+07:00
obj_000058,shw_000378,U00412,VIEW_ENVIRONMENT,Nang Tay gay gat vao buoi chieu,MODERATE,,2026-05-28T12:00:00+07:00
obj_000059,shw_000379,U00412,VIEW_ENVIRONMENT,Nang Tay gay gat vao buoi chieu,MODERATE,,2026-04-22T12:00:00+07:00
obj_000060,shw_000381,U00413,VIEW_ENVIRONMENT,Nang Tay gay gat vao buoi chieu,MODERATE,,2026-04-22T12:00:00+07:00
obj_000061,shw_000384,U00414,VIEW_ENVIRONMENT,Nang Tay gay gat vao buoi chieu,MODERATE,,2026-05-05T12:00:00+07:00
obj_000062,shw_000385,U00414,VIEW_ENVIRONMENT,Nang Tay gay gat vao buoi chieu,MODERATE,,2026-06-27T12:00:00+07:00
obj_000063,shw_000386,U00415,VIEW_ENVIRONMENT,Nang Tay gay gat vao buoi chieu,MODERATE,,2026-06-13T12:00:00+07:00
obj_000064,shw_000387,U00415,VIEW_ENVIRONMENT,Nang Tay gay gat vao buoi chieu,MODERATE,,2026-05-07T12:00:00+07:00
obj_000065,shw_000388,U00416,VIEW_ENVIRONMENT,Nang Tay gay gat vao buoi chieu,MODERATE,,2026-06-08T12:00:00+07:00
obj_000066,shw_000389,U00416,VIEW_ENVIRONMENT,Nang Tay gay gat vao buoi chieu,MODERATE,,2026-04-23T12:00:00+07:00
obj_000067,shw_000390,U00417,VIEW_ENVIRONMENT,Nang Tay gay gat vao buoi chieu,MODERATE,,2026-06-02T12:00:00+07:00
obj_000068,shw_000391,U00417,VIEW_ENVIRONMENT,Nang Tay gay gat vao buoi chieu,MODERATE,,2026-06-17T12:00:00+07:00
obj_000069,shw_000392,U00417,VIEW_ENVIRONMENT,Nang Tay gay gat vao buoi chieu,MODERATE,,2026-06-19T12:00:00+07:00
obj_000070,shw_000393,U00418,VIEW_ENVIRONMENT,Nang Tay gay gat vao buoi chieu,MODERATE,,2026-05-19T12:00:00+07:00
obj_000071,shw_000394,U00419,VIEW_ENVIRONMENT,Nang Tay gay gat vao buoi chieu,MODERATE,,2026-05-31T12:00:00+07:00
obj_000072,shw_000396,U00420,VIEW_ENVIRONMENT,Nang Tay gay gat vao buoi chieu,MODERATE,,2026-06-03T12:00:00+07:00
obj_000073,shw_000398,U00421,VIEW_ENVIRONMENT,Nang Tay gay gat vao buoi chieu,MODERATE,,2026-05-22T12:00:00+07:00
obj_000074,shw_000399,U00421,VIEW_ENVIRONMENT,Nang Tay gay gat vao buoi chieu,MODERATE,,2026-05-30T12:00:00+07:00
obj_000075,shw_000402,U00423,VIEW_ENVIRONMENT,Nang Tay gay gat vao buoi chieu,MODERATE,,2026-04-29T12:00:00+07:00
obj_000076,shw_000405,U00425,VIEW_ENVIRONMENT,Nang Tay gay gat vao buoi chieu,MODERATE,,2026-04-05T12:00:00+07:00
obj_000077,shw_000407,U00425,VIEW_ENVIRONMENT,Nang Tay gay gat vao buoi chieu,MODERATE,,2026-06-12T12:00:00+07:00
obj_000078,shw_000414,U00428,VIEW_ENVIRONMENT,Nang Tay gay gat vao buoi chieu,MODERATE,,2026-05-19T12:00:00+07:00
obj_000079,shw_000415,U00429,VIEW_ENVIRONMENT,Nang Tay gay gat vao buoi chieu,MODERATE,,2026-04-02T12:00:00+07:00
obj_000080,shw_000417,U00430,VIEW_ENVIRONMENT,Nang Tay gay gat vao buoi chieu,MODERATE,,2026-05-08T12:00:00+07:00
obj_000081,shw_000418,U00430,VIEW_ENVIRONMENT,Nang Tay gay gat vao buoi chieu,MODERATE,,2026-05-09T12:00:00+07:00
obj_000082,shw_001328,U01444,PRICING,Ngan hang dinh gia thap hon gia ban 15%,CRITICAL,Masteri Waterfront,2026-05-09T12:00:00+07:00
obj_000083,shw_001329,U01445,PRICING,Ngan hang dinh gia thap hon gia ban 15%,CRITICAL,Masteri Waterfront,2026-05-03T12:00:00+07:00
obj_000084,shw_001331,U01446,PRICING,Ngan hang dinh gia thap hon gia ban 15%,CRITICAL,Masteri Waterfront,2026-04-15T12:00:00+07:00
obj_000085,shw_001334,U01447,PRICING,Ngan hang dinh gia thap hon gia ban 15%,CRITICAL,Masteri Waterfront,2026-04-30T12:00:00+07:00
obj_000086,shw_001335,U01448,PRICING,Ngan hang dinh gia thap hon gia ban 15%,CRITICAL,Masteri Waterfront,2026-06-28T12:00:00+07:00
obj_000087,shw_001336,U01449,PRICING,Ngan hang dinh gia thap hon gia ban 15%,CRITICAL,Masteri Waterfront,2026-05-29T12:00:00+07:00
obj_000088,shw_001337,U01449,PRICING,Ngan hang dinh gia thap hon gia ban 15%,CRITICAL,Masteri Waterfront,2026-04-28T12:00:00+07:00
obj_000089,shw_001339,U01451,PRICING,Ngan hang dinh gia thap hon gia ban 15%,CRITICAL,Masteri Waterfront,2026-06-07T12:00:00+07:00
obj_000090,shw_001341,U01452,PRICING,Ngan hang dinh gia thap hon gia ban 15%,CRITICAL,Masteri Waterfront,2026-04-16T12:00:00+07:00
obj_000091,shw_001342,U01452,PRICING,Ngan hang dinh gia thap hon gia ban 15%,CRITICAL,Masteri Waterfront,2026-04-02T12:00:00+07:00
obj_000092,shw_001343,U01453,PRICING,Ngan hang dinh gia thap hon gia ban 15%,CRITICAL,Masteri Waterfront,2026-06-05T12:00:00+07:00
obj_000093,shw_001346,U01455,PRICING,Ngan hang dinh gia thap hon gia ban 15%,CRITICAL,Masteri Waterfront,2026-04-02T12:00:00+07:00
obj_000094,shw_001347,U01456,PRICING,Ngan hang dinh gia thap hon gia ban 15%,CRITICAL,Masteri Waterfront,2026-05-18T12:00:00+07:00
obj_000095,shw_001349,U01457,PRICING,Ngan hang dinh gia thap hon gia ban 15%,CRITICAL,Masteri Waterfront,2026-06-23T12:00:00+07:00
obj_000096,shw_001350,U01458,PRICING,Ngan hang dinh gia thap hon gia ban 15%,CRITICAL,Masteri Waterfront,2026-04-16T12:00:00+07:00
obj_000097,shw_001351,U01458,PRICING,Ngan hang dinh gia thap hon gia ban 15%,CRITICAL,Masteri Waterfront,2026-05-08T12:00:00+07:00
obj_000098,shw_001352,U01458,PRICING,Ngan hang dinh gia thap hon gia ban 15%,CRITICAL,Masteri Waterfront,2026-05-10T12:00:00+07:00
obj_000099,shw_001353,U01459,PRICING,Ngan hang dinh gia thap hon gia ban 15%,CRITICAL,Masteri Waterfront,2026-05-11T12:00:00+07:00
obj_000100,shw_001356,U01460,PRICING,Ngan hang dinh gia thap hon gia ban 15%,CRITICAL,Masteri Waterfront,2026-04-19T12:00:00+07:00
obj_000101,shw_001358,U01460,PRICING,Ngan hang dinh gia thap hon gia ban 15%,CRITICAL,Masteri Waterfront,2026-06-08T12:00:00+07:00
obj_000102,shw_001359,U01461,PRICING,Ngan hang dinh gia thap hon gia ban 15%,CRITICAL,Masteri Waterfront,2026-05-20T12:00:00+07:00
obj_000103,shw_001360,U01461,PRICING,Ngan hang dinh gia thap hon gia ban 15%,CRITICAL,Masteri Waterfront,2026-05-27T12:00:00+07:00
obj_000104,shw_001362,U01462,PRICING,Ngan hang dinh gia thap hon gia ban 15%,CRITICAL,Masteri Waterfront,2026-04-03T12:00:00+07:00
obj_000105,shw_001363,U01463,PRICING,Ngan hang dinh gia thap hon gia ban 15%,CRITICAL,Masteri Waterfront,2026-04-12T12:00:00+07:00
obj_000106,shw_001364,U01463,PRICING,Ngan hang dinh gia thap hon gia ban 15%,CRITICAL,Masteri Waterfront,2026-04-24T12:00:00+07:00
obj_000107,shw_001367,U01464,PRICING,Ngan hang dinh gia thap hon gia ban 15%,CRITICAL,Masteri Waterfront,2026-06-23T12:00:00+07:00
obj_000108,shw_001368,U01464,PRICING,Ngan hang dinh gia thap hon gia ban 15%,CRITICAL,Masteri Waterfront,2026-06-04T12:00:00+07:00
obj_000109,shw_001369,U01465,PRICING,Ngan hang dinh gia thap hon gia ban 15%,CRITICAL,Masteri Waterfront,2026-05-03T12:00:00+07:00
obj_000110,shw_001372,U01466,PRICING,Ngan hang dinh gia thap hon gia ban 15%,CRITICAL,Masteri Waterfront,2026-06-04T12:00:00+07:00
obj_000111,shw_001373,U01466,PRICING,Ngan hang dinh gia thap hon gia ban 15%,CRITICAL,Masteri Waterfront,2026-05-12T12:00:00+07:00
obj_000112,shw_001374,U01466,PRICING,Ngan hang dinh gia thap hon gia ban 15%,CRITICAL,Masteri Waterfront,2026-04-10T12:00:00+07:00
obj_000113,shw_001375,U01467,PRICING,Ngan hang dinh gia thap hon gia ban 15%,CRITICAL,Masteri Waterfront,2026-06-21T12:00:00+07:00
obj_000114,shw_001377,U01468,PRICING,Ngan hang dinh gia thap hon gia ban 15%,CRITICAL,Masteri Waterfront,2026-05-02T12:00:00+07:00
obj_000115,shw_001378,U01468,PRICING,Ngan hang dinh gia thap hon gia ban 15%,CRITICAL,Masteri Waterfront,2026-05-11T12:00:00+07:00
obj_000116,shw_001380,U01469,PRICING,Ngan hang dinh gia thap hon gia ban 15%,CRITICAL,Masteri Waterfront,2026-06-04T12:00:00+07:00
obj_000117,shw_001383,U01470,PRICING,Ngan hang dinh gia thap hon gia ban 15%,CRITICAL,Masteri Waterfront,2026-04-17T12:00:00+07:00
