diagnostic_id,snapshot_date_key,unit_key,unit_code,project_name,zone_name,unsold_days_dom,price_spread_vs_peer_pct,ticket_size_vs_income_ratio,physical_defect_penalty,thermal_view_penalty,secondary_price_gap_pct,funnel_dropoff_rate_pct,primary_cause_code,recommended_action
DIAG-20260929-U01561,20260929,1561,53-01,The Manhattan - Vinhomes Grand Park,Manhattan Cum 1,2349,-13.01,39.7,0,30,,,LEGAL_PERMIT_BARRIER,EXPEDITE_LEGAL_PROCEDURES: Tam dung ban hang dai tra; hoan thien thu tuc So Xay dung va thu cam ket bao lanh ban giao.
DIAG-20260929-U01562,20260929,1562,53-02,The Manhattan - Vinhomes Grand Park,Manhattan Cum 1,2155,-6.46,17.7,10,0,,65.22,LEGAL_PERMIT_BARRIER,EXPEDITE_LEGAL_PROCEDURES: Tam dung ban hang dai tra; hoan thien thu tuc So Xay dung va thu cam ket bao lanh ban giao.
DIAG-20260929-U01721,20260929,1721,61-01,The Opus One - Vinhomes Grand Park,Toa Opus One 1,147,-1.99,10.6,65,40,5.16,40.0,EXTREME_THERMAL_EXPOSURE,"INSULATION_INTERIOR_PACKAGE: Tang goi thi cong noi that cach nhiet, dan kinh Low-E va mien 3 nam phi quan ly."
DIAG-20260929-U01723,20260929,1723,61-03,The Opus One - Vinhomes Grand Park,Toa Opus One 1,122,18.49,12.4,0,0,21.07,,SECONDARY_ARBITRAGE,"EXTENDED_PAYMENT_SCHEDULE: Gian tien do thanh toan, tang voucher de keo gia rong ve can bang."
DIAG-20260929-U01725,20260929,1725,61-05,The Opus One - Vinhomes Grand Park,Toa Opus One 1,94,2.64,8.0,0,0,4.03,53.33,MULTI_FACTOR_UNCLASSIFIED,MANUAL_REVIEW: Khong khop du kien kich hoat ro rang trong ma tran 8 nguyen nhan; can chuyen gia ra soat thu cong. (Nhan bo sung ngoai tai lieu goc - xem README)
DIAG-20260929-U01727,20260929,1727,61-07,The Opus One - Vinhomes Grand Park,Toa Opus One 1,313,23.66,17.1,0,0,19.16,33.33,SECONDARY_ARBITRAGE,"EXTENDED_PAYMENT_SCHEDULE: Gian tien do thanh toan, tang voucher de keo gia rong ve can bang."
DIAG-20260929-U01728,20260929,1728,61-08,The Opus One - Vinhomes Grand Park,Toa Opus One 1,329,-22.78,9.3,25,0,-23.9,68.18,DEEP_FUNNEL_DROP_OFF,"SALES_PITCH_AUDIT: Thanh tra quy trinh tu van cua san moi gioi, ra soat cam ket tien do va phuong thuc giai ngan."
DIAG-20260929-U01729,20260929,1729,61-09,The Opus One - Vinhomes Grand Park,Toa Opus One 1,177,12.68,11.2,0,0,17.49,100.0,SECONDARY_ARBITRAGE,"EXTENDED_PAYMENT_SCHEDULE: Gian tien do thanh toan, tang voucher de keo gia rong ve can bang."
DIAG-20260929-U01736,20260929,1736,61-16,The Opus One - Vinhomes Grand Park,Toa Opus One 1,254,-0.75,16.4,0,0,2.24,66.67,DEEP_FUNNEL_DROP_OFF,"SALES_PITCH_AUDIT: Thanh tra quy trinh tu van cua san moi gioi, ra soat cam ket tien do va phuong thuc giai ngan."
DIAG-20260929-U01739,20260929,1739,61-19,The Opus One - Vinhomes Grand Park,Toa Opus One 1,331,5.27,25.2,0,0,,47.83,LUMP_SUM_TICKET_BARRIER,BANK_SUBSIDY_EXTENSION: Tang thoi han ho tro lai suat 0% tu 18 len 36 thang va keo dai an han no goc.
DIAG-20260929-U01741,20260929,1741,61-21,The Opus One - Vinhomes Grand Park,Toa Opus One 1,139,5.32,9.7,0,0,6.85,42.86,MULTI_FACTOR_UNCLASSIFIED,MANUAL_REVIEW: Khong khop du kien kich hoat ro rang trong ma tran 8 nguyen nhan; can chuyen gia ra soat thu cong. (Nhan bo sung ngoai tai lieu goc - xem README)
DIAG-20260929-U01742,20260929,1742,61-22,The Opus One - Vinhomes Grand Park,Toa Opus One 1,148,17.43,15.3,0,30,11.78,25.0,MULTI_FACTOR_UNCLASSIFIED,MANUAL_REVIEW: Khong khop du kien kich hoat ro rang trong ma tran 8 nguyen nhan; can chuyen gia ra soat thu cong. (Nhan bo sung ngoai tai lieu goc - xem README)
DIAG-20260929-U01745,20260929,1745,61-25,The Opus One - Vinhomes Grand Park,Toa Opus One 1,93,-12.24,7.9,0,20,-6.13,57.14,MULTI_FACTOR_UNCLASSIFIED,MANUAL_REVIEW: Khong khop du kien kich hoat ro rang trong ma tran 8 nguyen nhan; can chuyen gia ra soat thu cong. (Nhan bo sung ngoai tai lieu goc - xem README)
DIAG-20260929-U01749,20260929,1749,61-29,The Opus One - Vinhomes Grand Park,Toa Opus One 1,147,0.47,15.6,10,50,0.17,25.0,EXTREME_THERMAL_EXPOSURE,"INSULATION_INTERIOR_PACKAGE: Tang goi thi cong noi that cach nhiet, dan kinh Low-E va mien 3 nam phi quan ly."
DIAG-20260929-U01751,20260929,1751,62-01,The Opus One - Vinhomes Grand Park,Toa Opus One 2,142,10.95,51.9,25,50,,,SEVERE_PHYSICAL_DEFECT,DEFECT_COMPENSATION_DISCOUNT: Thiet lap chinh sach giam gia chao truc tiep 5%-8% de bu tru loi cong nang.
DIAG-20260929-U01755,20260929,1755,62-05,The Opus One - Vinhomes Grand Park,Toa Opus One 2,340,-3.6,7.6,0,0,0.29,,MULTI_FACTOR_UNCLASSIFIED,MANUAL_REVIEW: Khong khop du kien kich hoat ro rang trong ma tran 8 nguyen nhan; can chuyen gia ra soat thu cong. (Nhan bo sung ngoai tai lieu goc - xem README)
DIAG-20260929-U01757,20260929,1757,62-07,The Opus One - Vinhomes Grand Park,Toa Opus One 2,94,-12.58,10.1,0,25,-3.53,0.0,MULTI_FACTOR_UNCLASSIFIED,MANUAL_REVIEW: Khong khop du kien kich hoat ro rang trong ma tran 8 nguyen nhan; can chuyen gia ra soat thu cong. (Nhan bo sung ngoai tai lieu goc - xem README)
DIAG-20260929-U01760,20260929,1760,62-10,The Opus One - Vinhomes Grand Park,Toa Opus One 2,123,-7.52,13.4,0,0,-7.15,,LOW_SALES_INCENTIVE,BOOST_BROKER_COMMISSION: Nang ty le hoa hong len 3.0% va kich hoat thuong nong 50-100 trieu VND.
DIAG-20260929-U01762,20260929,1762,62-12,The Opus One - Vinhomes Grand Park,Toa Opus One 2,200,-17.32,10.6,10,0,-18.96,,MULTI_FACTOR_UNCLASSIFIED,MANUAL_REVIEW: Khong khop du kien kich hoat ro rang trong ma tran 8 nguyen nhan; can chuyen gia ra soat thu cong. (Nhan bo sung ngoai tai lieu goc - xem README)
DIAG-20260929-U01767,20260929,1767,62-17,The Opus One - Vinhomes Grand Park,Toa Opus One 2,135,3.44,17.8,0,0,5.99,,MULTI_FACTOR_UNCLASSIFIED,MANUAL_REVIEW: Khong khop du kien kich hoat ro rang trong ma tran 8 nguyen nhan; can chuyen gia ra soat thu cong. (Nhan bo sung ngoai tai lieu goc - xem README)
DIAG-20260929-U01774,20260929,1774,62-24,The Opus One - Vinhomes Grand Park,Toa Opus One 2,240,14.35,25.5,0,0,,40.0,OVERPRICED_VS_PEER,TARGETED_PRICE_CORRECTION: Dieu chinh don gia niem yet ve muc trung vi cua nhom tuong dong.
DIAG-20260929-U01777,20260929,1777,62-27,The Opus One - Vinhomes Grand Park,Toa Opus One 2,304,-3.39,12.8,35,40,2.78,58.33,EXTREME_THERMAL_EXPOSURE,"INSULATION_INTERIOR_PACKAGE: Tang goi thi cong noi that cach nhiet, dan kinh Low-E va mien 3 nam phi quan ly."
DIAG-20260929-U01780,20260929,1780,62-30,The Opus One - Vinhomes Grand Park,Toa Opus One 2,286,-16.56,8.2,30,40,-18.33,66.67,EXTREME_THERMAL_EXPOSURE,"INSULATION_INTERIOR_PACKAGE: Tang goi thi cong noi that cach nhiet, dan kinh Low-E va mien 3 nam phi quan ly."
DIAG-20260929-U01782,20260929,1782,63-02,The Opus One - Vinhomes Grand Park,Toa Opus One 3,216,-2.67,38.1,0,0,,100.0,LUMP_SUM_TICKET_BARRIER,BANK_SUBSIDY_EXTENSION: Tang thoi han ho tro lai suat 0% tu 18 len 36 thang va keo dai an han no goc.
DIAG-20260929-U01786,20260929,1786,63-06,The Opus One - Vinhomes Grand Park,Toa Opus One 3,161,-5.96,15.2,0,40,-2.82,,EXTREME_THERMAL_EXPOSURE,"INSULATION_INTERIOR_PACKAGE: Tang goi thi cong noi that cach nhiet, dan kinh Low-E va mien 3 nam phi quan ly."
DIAG-20260929-U01801,20260929,1801,63-21,The Opus One - Vinhomes Grand Park,Toa Opus One 3,221,9.01,19.7,0,40,11.32,0.0,EXTREME_THERMAL_EXPOSURE,"INSULATION_INTERIOR_PACKAGE: Tang goi thi cong noi that cach nhiet, dan kinh Low-E va mien 3 nam phi quan ly."
DIAG-20260929-U01812,20260929,1812,64-02,The Opus One - Vinhomes Grand Park,Toa Opus One 4,158,-18.55,8.7,30,30,-12.97,0.0,MULTI_FACTOR_UNCLASSIFIED,MANUAL_REVIEW: Khong khop du kien kich hoat ro rang trong ma tran 8 nguyen nhan; can chuyen gia ra soat thu cong. (Nhan bo sung ngoai tai lieu goc - xem README)
DIAG-20260929-U01819,20260929,1819,64-09,The Opus One - Vinhomes Grand Park,Toa Opus One 4,143,15.88,24.7,10,50,,,EXTREME_THERMAL_EXPOSURE,"INSULATION_INTERIOR_PACKAGE: Tang goi thi cong noi that cach nhiet, dan kinh Low-E va mien 3 nam phi quan ly."
DIAG-20260929-U01829,20260929,1829,64-19,The Opus One - Vinhomes Grand Park,Toa Opus One 4,230,-21.53,8.0,40,20,-15.8,52.17,MULTI_FACTOR_UNCLASSIFIED,MANUAL_REVIEW: Khong khop du kien kich hoat ro rang trong ma tran 8 nguyen nhan; can chuyen gia ra soat thu cong. (Nhan bo sung ngoai tai lieu goc - xem README)
DIAG-20260929-U01831,20260929,1831,64-21,The Opus One - Vinhomes Grand Park,Toa Opus One 4,304,21.82,28.0,0,45,,,EXTREME_THERMAL_EXPOSURE,"INSULATION_INTERIOR_PACKAGE: Tang goi thi cong noi that cach nhiet, dan kinh Low-E va mien 3 nam phi quan ly."
DIAG-20260929-U01834,20260929,1834,64-24,The Opus One - Vinhomes Grand Park,Toa Opus One 4,165,0.16,58.5,0,20,,53.85,LUMP_SUM_TICKET_BARRIER,BANK_SUBSIDY_EXTENSION: Tang thoi han ho tro lai suat 0% tu 18 len 36 thang va keo dai an han no goc.
DIAG-20260929-U01835,20260929,1835,64-25,The Opus One - Vinhomes Grand Park,Toa Opus One 4,224,9.49,15.9,0,75,8.16,68.75,EXTREME_THERMAL_EXPOSURE,"INSULATION_INTERIOR_PACKAGE: Tang goi thi cong noi that cach nhiet, dan kinh Low-E va mien 3 nam phi quan ly."
DIAG-20260929-U01845,20260929,1845,65-05,The Opus One - Vinhomes Grand Park,Toa Opus One 5,327,2.92,7.8,0,30,5.35,64.29,DEEP_FUNNEL_DROP_OFF,"SALES_PITCH_AUDIT: Thanh tra quy trinh tu van cua san moi gioi, ra soat cam ket tien do va phuong thuc giai ngan."
DIAG-20260929-U01849,20260929,1849,65-09,The Opus One - Vinhomes Grand Park,Toa Opus One 5,237,-10.03,12.3,0,0,-11.01,,MULTI_FACTOR_UNCLASSIFIED,MANUAL_REVIEW: Khong khop du kien kich hoat ro rang trong ma tran 8 nguyen nhan; can chuyen gia ra soat thu cong. (Nhan bo sung ngoai tai lieu goc - xem README)
DIAG-20260929-U01850,20260929,1850,65-10,The Opus One - Vinhomes Grand Park,Toa Opus One 5,206,11.43,13.1,40,0,5.13,25.0,SEVERE_PHYSICAL_DEFECT,DEFECT_COMPENSATION_DISCOUNT: Thiet lap chinh sach giam gia chao truc tiep 5%-8% de bu tru loi cong nang.
DIAG-20260929-U01855,20260929,1855,65-15,The Opus One - Vinhomes Grand Park,Toa Opus One 5,283,6.03,7.5,0,70,,,EXTREME_THERMAL_EXPOSURE,"INSULATION_INTERIOR_PACKAGE: Tang goi thi cong noi that cach nhiet, dan kinh Low-E va mien 3 nam phi quan ly."
DIAG-20260929-U01859,20260929,1859,65-19,The Opus One - Vinhomes Grand Park,Toa Opus One 5,215,1.83,59.8,10,20,,,LUMP_SUM_TICKET_BARRIER,BANK_SUBSIDY_EXTENSION: Tang thoi han ho tro lai suat 0% tu 18 len 36 thang va keo dai an han no goc.
DIAG-20260929-U01860,20260929,1860,65-20,The Opus One - Vinhomes Grand Park,Toa Opus One 5,119,7.13,10.3,10,40,13.19,,EXTREME_THERMAL_EXPOSURE,"INSULATION_INTERIOR_PACKAGE: Tang goi thi cong noi that cach nhiet, dan kinh Low-E va mien 3 nam phi quan ly."
DIAG-20260929-U01861,20260929,1861,65-21,The Opus One - Vinhomes Grand Park,Toa Opus One 5,119,-1.93,15.9,0,0,1.03,0.0,MULTI_FACTOR_UNCLASSIFIED,MANUAL_REVIEW: Khong khop du kien kich hoat ro rang trong ma tran 8 nguyen nhan; can chuyen gia ra soat thu cong. (Nhan bo sung ngoai tai lieu goc - xem README)
DIAG-20260929-U01862,20260929,1862,65-22,The Opus One - Vinhomes Grand Park,Toa Opus One 5,132,2.7,14.4,45,50,1.46,,SEVERE_PHYSICAL_DEFECT,DEFECT_COMPENSATION_DISCOUNT: Thiet lap chinh sach giam gia chao truc tiep 5%-8% de bu tru loi cong nang.
DIAG-20260929-U01865,20260929,1865,65-25,The Opus One - Vinhomes Grand Park,Toa Opus One 5,334,1.88,8.1,0,0,3.35,60.0,DEEP_FUNNEL_DROP_OFF,"SALES_PITCH_AUDIT: Thanh tra quy trinh tu van cua san moi gioi, ra soat cam ket tien do va phuong thuc giai ngan."
DIAG-20260929-U01866,20260929,1866,65-26,The Opus One - Vinhomes Grand Park,Toa Opus One 5,177,-14.86,9.1,10,30,-8.87,28.57,LOW_SALES_INCENTIVE,BOOST_BROKER_COMMISSION: Nang ty le hoa hong len 3.0% va kich hoat thuong nong 50-100 trieu VND.
DIAG-20260929-U01870,20260929,1870,65-30,The Opus One - Vinhomes Grand Park,Toa Opus One 5,151,-9.73,7.7,30,25,-6.1,,LOW_SALES_INCENTIVE,BOOST_BROKER_COMMISSION: Nang ty le hoa hong len 3.0% va kich hoat thuong nong 50-100 trieu VND.
DIAG-20260929-U01871,20260929,1871,66-01,The Opus One - Vinhomes Grand Park,Toa Opus One 6,307,-19.31,7.9,35,25,-10.99,50.0,MULTI_FACTOR_UNCLASSIFIED,MANUAL_REVIEW: Khong khop du kien kich hoat ro rang trong ma tran 8 nguyen nhan; can chuyen gia ra soat thu cong. (Nhan bo sung ngoai tai lieu goc - xem README)
DIAG-20260929-U01875,20260929,1875,66-05,The Opus One - Vinhomes Grand Park,Toa Opus One 6,112,0.32,12.3,0,0,-6.85,,MULTI_FACTOR_UNCLASSIFIED,MANUAL_REVIEW: Khong khop du kien kich hoat ro rang trong ma tran 8 nguyen nhan; can chuyen gia ra soat thu cong. (Nhan bo sung ngoai tai lieu goc - xem README)
DIAG-20260929-U01877,20260929,1877,66-07,The Opus One - Vinhomes Grand Park,Toa Opus One 6,154,-7.22,5.7,10,20,,20.0,MULTI_FACTOR_UNCLASSIFIED,MANUAL_REVIEW: Khong khop du kien kich hoat ro rang trong ma tran 8 nguyen nhan; can chuyen gia ra soat thu cong. (Nhan bo sung ngoai tai lieu goc - xem README)
DIAG-20260929-U01880,20260929,1880,66-10,The Opus One - Vinhomes Grand Park,Toa Opus One 6,123,-11.68,12.2,0,65,-12.87,20.0,EXTREME_THERMAL_EXPOSURE,"INSULATION_INTERIOR_PACKAGE: Tang goi thi cong noi that cach nhiet, dan kinh Low-E va mien 3 nam phi quan ly."
DIAG-20260929-U01881,20260929,1881,66-11,The Opus One - Vinhomes Grand Park,Toa Opus One 6,164,1.7,8.5,10,40,7.45,0.0,EXTREME_THERMAL_EXPOSURE,"INSULATION_INTERIOR_PACKAGE: Tang goi thi cong noi that cach nhiet, dan kinh Low-E va mien 3 nam phi quan ly."
DIAG-20260929-U01883,20260929,1883,66-13,The Opus One - Vinhomes Grand Park,Toa Opus One 6,145,8.98,16.0,0,40,7.83,59.09,EXTREME_THERMAL_EXPOSURE,"INSULATION_INTERIOR_PACKAGE: Tang goi thi cong noi that cach nhiet, dan kinh Low-E va mien 3 nam phi quan ly."
DIAG-20260929-U01890,20260929,1890,66-20,The Opus One - Vinhomes Grand Park,Toa Opus One 6,122,9.18,12.3,0,20,14.81,,OVERPRICED_VS_PEER,TARGETED_PRICE_CORRECTION: Dieu chinh don gia niem yet ve muc trung vi cua nhom tuong dong.
DIAG-20260929-U01892,20260929,1892,66-22,The Opus One - Vinhomes Grand Park,Toa Opus One 6,103,-3.59,7.1,25,25,-6.25,,LOW_SALES_INCENTIVE,BOOST_BROKER_COMMISSION: Nang ty le hoa hong len 3.0% va kich hoat thuong nong 50-100 trieu VND.
DIAG-20260929-U01905,20260929,1905,67-05,The Opus One - Vinhomes Grand Park,Toa Opus One 7,118,-4.98,12.9,0,0,-7.37,75.0,DEEP_FUNNEL_DROP_OFF,"SALES_PITCH_AUDIT: Thanh tra quy trinh tu van cua san moi gioi, ra soat cam ket tien do va phuong thuc giai ngan."
DIAG-20260929-U01907,20260929,1907,67-07,The Opus One - Vinhomes Grand Park,Toa Opus One 7,323,13.79,21.9,10,30,11.54,,MULTI_FACTOR_UNCLASSIFIED,MANUAL_REVIEW: Khong khop du kien kich hoat ro rang trong ma tran 8 nguyen nhan; can chuyen gia ra soat thu cong. (Nhan bo sung ngoai tai lieu goc - xem README)
DIAG-20260929-U01912,20260929,1912,67-12,The Opus One - Vinhomes Grand Park,Toa Opus One 7,94,5.93,9.2,0,0,7.37,33.33,MULTI_FACTOR_UNCLASSIFIED,MANUAL_REVIEW: Khong khop du kien kich hoat ro rang trong ma tran 8 nguyen nhan; can chuyen gia ra soat thu cong. (Nhan bo sung ngoai tai lieu goc - xem README)
DIAG-20260929-U01913,20260929,1913,67-13,The Opus One - Vinhomes Grand Park,Toa Opus One 7,94,17.68,64.9,60,40,,33.33,SEVERE_PHYSICAL_DEFECT,DEFECT_COMPENSATION_DISCOUNT: Thiet lap chinh sach giam gia chao truc tiep 5%-8% de bu tru loi cong nang.
DIAG-20260929-U01916,20260929,1916,67-16,The Opus One - Vinhomes Grand Park,Toa Opus One 7,168,-11.71,12.9,25,40,-12.78,,EXTREME_THERMAL_EXPOSURE,"INSULATION_INTERIOR_PACKAGE: Tang goi thi cong noi that cach nhiet, dan kinh Low-E va mien 3 nam phi quan ly."
DIAG-20260929-U01921,20260929,1921,67-21,The Opus One - Vinhomes Grand Park,Toa Opus One 7,180,1.95,11.7,0,20,-5.04,,MULTI_FACTOR_UNCLASSIFIED,MANUAL_REVIEW: Khong khop du kien kich hoat ro rang trong ma tran 8 nguyen nhan; can chuyen gia ra soat thu cong. (Nhan bo sung ngoai tai lieu goc - xem README)
DIAG-20260929-U01923,20260929,1923,67-23,The Opus One - Vinhomes Grand Park,Toa Opus One 7,209,-4.78,9.4,35,0,1.0,25.0,MULTI_FACTOR_UNCLASSIFIED,MANUAL_REVIEW: Khong khop du kien kich hoat ro rang trong ma tran 8 nguyen nhan; can chuyen gia ra soat thu cong. (Nhan bo sung ngoai tai lieu goc - xem README)
DIAG-20260929-U01925,20260929,1925,67-25,The Opus One - Vinhomes Grand Park,Toa Opus One 7,127,-5.44,17.7,0,70,-6.37,16.67,EXTREME_THERMAL_EXPOSURE,"INSULATION_INTERIOR_PACKAGE: Tang goi thi cong noi that cach nhiet, dan kinh Low-E va mien 3 nam phi quan ly."
DIAG-20260929-U01934,20260929,1934,68-04,The Opus One - Vinhomes Grand Park,Toa Opus One 8,122,-5.91,15.7,0,40,-9.48,33.33,EXTREME_THERMAL_EXPOSURE,"INSULATION_INTERIOR_PACKAGE: Tang goi thi cong noi that cach nhiet, dan kinh Low-E va mien 3 nam phi quan ly."
DIAG-20260929-U01936,20260929,1936,68-06,The Opus One - Vinhomes Grand Park,Toa Opus One 8,239,9.85,17.5,10,40,6.31,0.0,EXTREME_THERMAL_EXPOSURE,"INSULATION_INTERIOR_PACKAGE: Tang goi thi cong noi that cach nhiet, dan kinh Low-E va mien 3 nam phi quan ly."
DIAG-20260929-U01938,20260929,1938,68-08,The Opus One - Vinhomes Grand Park,Toa Opus One 8,266,4.38,11.3,0,20,11.08,,LOW_SALES_INCENTIVE,BOOST_BROKER_COMMISSION: Nang ty le hoa hong len 3.0% va kich hoat thuong nong 50-100 trieu VND.
DIAG-20260929-U01939,20260929,1939,68-09,The Opus One - Vinhomes Grand Park,Toa Opus One 8,115,11.44,22.4,0,20,,33.33,OVERPRICED_VS_PEER,TARGETED_PRICE_CORRECTION: Dieu chinh don gia niem yet ve muc trung vi cua nhom tuong dong.
DIAG-20260929-U01943,20260929,1943,68-13,The Opus One - Vinhomes Grand Park,Toa Opus One 8,307,-1.88,7.4,0,20,,,LOW_SALES_INCENTIVE,BOOST_BROKER_COMMISSION: Nang ty le hoa hong len 3.0% va kich hoat thuong nong 50-100 trieu VND.
DIAG-20260929-U01944,20260929,1944,68-14,The Opus One - Vinhomes Grand Park,Toa Opus One 8,98,-10.3,12.8,0,0,-9.86,,LOW_SALES_INCENTIVE,BOOST_BROKER_COMMISSION: Nang ty le hoa hong len 3.0% va kich hoat thuong nong 50-100 trieu VND.
DIAG-20260929-U01955,20260929,1955,68-25,The Opus One - Vinhomes Grand Park,Toa Opus One 8,287,17.32,14.2,0,65,5.91,33.33,EXTREME_THERMAL_EXPOSURE,"INSULATION_INTERIOR_PACKAGE: Tang goi thi cong noi that cach nhiet, dan kinh Low-E va mien 3 nam phi quan ly."
DIAG-20260929-U01960,20260929,1960,68-30,The Opus One - Vinhomes Grand Park,Toa Opus One 8,129,4.55,23.1,65,45,,66.67,SEVERE_PHYSICAL_DEFECT,DEFECT_COMPENSATION_DISCOUNT: Thiet lap chinh sach giam gia chao truc tiep 5%-8% de bu tru loi cong nang.
